Workbook

Sheet Facilities List
A1: MICROPLAN_COUNTRY | B1: MICROPLAN_PROVINCE_HELPER | C1: MICROPLAN_PROVINCE | D1: MICROPLAN_DISTRICT_HELPER | E1: MICROPLAN_DISTRICT | F1: MICROPLAN_ADMINISTRATIVEPOST_HELPER | G1: MICROPLAN_ADMINISTRATIVEPOST | H1: MICROPLAN_LOCALITY_HELPER | I1: MICROPLAN_LOCALITY | J1: MICROPLAN_VILLAGE_HELPER | K1: MICROPLAN_VILLAGE | L1: HCM_ADMIN_CONSOLE_BOUNDARY_CODE | M1: HCM_ADMIN_CONSOLE_FACILITY_CODE | N1: HCM_ADMIN_CONSOLE_FACILITY_NAME | O1: HCM_ADMIN_CONSOLE_FACILITY_TYPE | P1: HCM_ADMIN_CONSOLE_FACILITY_STATUS | Q1: HCM_ADMIN_CONSOLE_FACILITY_CAPACITY | R1: HCM_ADMIN_CONSOLE_FACILITY_USAGE
A2: Country | B2: MICROPLAN_PROVINCE_HELPER | C2: Province | D2: MICROPLAN_DISTRICT_HELPER | E2: District | F2: MICROPLAN_ADMINISTRATIVEPOST_HELPER | G2: Administrative Post | H2: MICROPLAN_LOCALITY_HELPER | I2: Locality | J2: MICROPLAN_VILLAGE_HELPER | K2: Village | L2: Service Boundary Code | M2: Facility Code | N2: Facility Name | O2: Facility Type | P2: Facility Status | Q2: Capacity (Units: Bales for Bednets/ SPAQ Blister for SMC) | R2: Facility Usage
A3: Nigeria | B3: =IFERROR(INDEX(_h_SimpleLookup_h_!$I$16:$I$20,MATCH(CONCATENATE(INDIRECT("A"&ROW())),_h_SimpleLookup_h_!$H$16:$H$20,0)),"") -> H_04952a0f984dccfa1c401fbe5669c5342059049be3e2bba73dc5a481759b22a9 | C3: Gaza | D3: =IFERROR(INDEX(_h_SimpleLookup_h_!$I$16:$I$20,MATCH(CONCATENATE(INDIRECT("A"&ROW()), "#", INDIRECT("C"&ROW())),_h_SimpleLookup_h_!$H$16:$H$20,0)),"") -> H_3d746386df8e70fc233233a9e10a429bbb45de06e238ef21fcff52d27fd51781 | E3: Chibuto | F3: =IFERROR(INDEX(_h_SimpleLookup_h_!$I$16:$I$20,MATCH(CONCATENATE(INDIRECT("A"&ROW()), "#", INDIRECT("C"&ROW()), "#", INDIRECT("E"&ROW())),_h_SimpleLookup_h_!$H$16:$H$20,0)),"") -> H_f8225e850582739dca18bbc9f1b87eec4a399a506bac01963630d2d5869939c4 | G3: Chibutoo | H3: =IFERROR(INDEX(_h_SimpleLookup_h_!$I$16:$I$20,MATCH(CONCATENATE(INDIRECT("A"&ROW()), "#", INDIRECT("C"&ROW()), "#", INDIRECT("E"&ROW()), "#", INDIRECT("G"&ROW())),_h_SimpleLookup_h_!$H$16:$H$20,0)),"") -> H_9de166f1e87c37e01777111aa51a73d37bbe5559df989fc50fad851f9070f447 | I3: Chibuto Sede | J3: =IFERROR(INDEX(_h_SimpleLookup_h_!$I$16:$I$20,MATCH(CONCATENATE(INDIRECT("A"&ROW()), "#", INDIRECT("C"&ROW()), "#", INDIRECT("E"&ROW()), "#", INDIRECT("G"&ROW()), "#", INDIRECT("I"&ROW())),_h_SimpleLookup_h_!$H$16:$H$20,0)),"") -> H_e9c3596c6f157c143621a34465e5390d1264415e6840e00130c0b1805b8f179c | K3: Mapa | L3: =IF(K3<>"",IFERROR(VLOOKUP(K3,_h_SimpleLookup_h_!$D$8:$E$13,2,0),""),IF(I3<>"",IFERROR(VLOOKUP(I3,_h_SimpleLookup_h_!$D$8:$E$13,2,0),""),IF(G3<>"",IFERROR(VLOOKUP(G3,_h_SimpleLookup_h_!$D$8:$E$13,2,0),""),IF(E3<>"",IFERROR(VLOOKUP(E3,_h_SimpleLookup_h_!$D$8:$E$13,2,0),""),IF(C3<>"",IFERROR(VLOOKUP(C3,_h_SimpleLookup_h_!$D$8:$E$13,2,0),""),IF(A3<>"",IFERROR(VLOOKUP(A3,_h_SimpleLookup_h_!$D$8:$E$13,2,0),""),"")))))) -> MICROPLAN_MO_05_01_01_01_01_MAPA_TEST1 | M3: F-2026-03-11-000151 | N3: Facility Storage Gaza | O3: Storing Resource | P3: Permanent | Q3: 200 | R3: Active
A4: Nigeria | B4: =IFERROR(INDEX(_h_SimpleLookup_h_!$I$16:$I$20,MATCH(CONCATENATE(INDIRECT("A"&ROW())),_h_SimpleLookup_h_!$H$16:$H$20,0)),"") -> H_04952a0f984dccfa1c401fbe5669c5342059049be3e2bba73dc5a481759b22a9 | D4: =IFERROR(INDEX(_h_SimpleLookup_h_!$I$16:$I$20,MATCH(CONCATENATE(INDIRECT("A"&ROW()), "#", INDIRECT("C"&ROW())),_h_SimpleLookup_h_!$H$16:$H$20,0)),"") | F4: =IFERROR(INDEX(_h_SimpleLookup_h_!$I$16:$I$20,MATCH(CONCATENATE(INDIRECT("A"&ROW()), "#", INDIRECT("C"&ROW()), "#", INDIRECT("E"&ROW())),_h_SimpleLookup_h_!$H$16:$H$20,0)),"") | H4: =IFERROR(INDEX(_h_SimpleLookup_h_!$I$16:$I$20,MATCH(CONCATENATE(INDIRECT("A"&ROW()), "#", INDIRECT("C"&ROW()), "#", INDIRECT("E"&ROW()), "#", INDIRECT("G"&ROW())),_h_SimpleLookup_h_!$H$16:$H$20,0)),"") | J4: =IFERROR(INDEX(_h_SimpleLookup_h_!$I$16:$I$20,MATCH(CONCATENATE(INDIRECT("A"&ROW()), "#", INDIRECT("C"&ROW()), "#", INDIRECT("E"&ROW()), "#", INDIRECT("G"&ROW()), "#", INDIRECT("I"&ROW())),_h_SimpleLookup_h_!$H$16:$H$20,0)),"") | L4: =IF(K4<>"",IFERROR(VLOOKUP(K4,_h_SimpleLookup_h_!$D$8:$E$13,2,0),""),IF(I4<>"",IFERROR(VLOOKUP(I4,_h_SimpleLookup_h_!$D$8:$E$13,2,0),""),IF(G4<>"",IFERROR(VLOOKUP(G4,_h_SimpleLookup_h_!$D$8:$E$13,2,0),""),IF(E4<>"",IFERROR(VLOOKUP(E4,_h_SimpleLookup_h_!$D$8:$E$13,2,0),""),IF(C4<>"",IFERROR(VLOOKUP(C4,_h_SimpleLookup_h_!$D$8:$E$13,2,0),""),IF(A4<>"",IFERROR(VLOOKUP(A4,_h_SimpleLookup_h_!$D$8:$E$13,2,0),""),"")))))) -> MICROPLAN_MO | M4: F-2026-02-25-000126 | N4: LN 1 | O4: Warehouse | P4: Permanent | Q4: 100 | R4: Active
A5: Nigeria | B5: =IFERROR(INDEX(_h_SimpleLookup_h_!$I$16:$I$20,MATCH(CONCATENATE(INDIRECT("A"&ROW())),_h_SimpleLookup_h_!$H$16:$H$20,0)),"") -> H_04952a0f984dccfa1c401fbe5669c5342059049be3e2bba73dc5a481759b22a9 | D5: =IFERROR(INDEX(_h_SimpleLookup_h_!$I$16:$I$20,MATCH(CONCATENATE(INDIRECT("A"&ROW()), "#", INDIRECT("C"&ROW())),_h_SimpleLookup_h_!$H$16:$H$20,0)),"") | F5: =IFERROR(INDEX(_h_SimpleLookup_h_!$I$16:$I$20,MATCH(CONCATENATE(INDIRECT("A"&ROW()), "#", INDIRECT("C"&ROW()), "#", INDIRECT("E"&ROW())),_h_SimpleLookup_h_!$H$16:$H$20,0)),"") | H5: =IFERROR(INDEX(_h_SimpleLookup_h_!$I$16:$I$20,MATCH(CONCATENATE(INDIRECT("A"&ROW()), "#", INDIRECT("C"&ROW()), "#", INDIRECT("E"&ROW()), "#", INDIRECT("G"&ROW())),_h_SimpleLookup_h_!$H$16:$H$20,0)),"") | J5: =IFERROR(INDEX(_h_SimpleLookup_h_!$I$16:$I$20,MATCH(CONCATENATE(INDIRECT("A"&ROW()), "#", INDIRECT("C"&ROW()), "#", INDIRECT("E"&ROW()), "#", INDIRECT("G"&ROW()), "#", INDIRECT("I"&ROW())),_h_SimpleLookup_h_!$H$16:$H$20,0)),"") | L5: =IF(K5<>"",IFERROR(VLOOKUP(K5,_h_SimpleLookup_h_!$D$8:$E$13,2,0),""),IF(I5<>"",IFERROR(VLOOKUP(I5,_h_SimpleLookup_h_!$D$8:$E$13,2,0),""),IF(G5<>"",IFERROR(VLOOKUP(G5,_h_SimpleLookup_h_!$D$8:$E$13,2,0),""),IF(E5<>"",IFERROR(VLOOKUP(E5,_h_SimpleLookup_h_!$D$8:$E$13,2,0),""),IF(C5<>"",IFERROR(VLOOKUP(C5,_h_SimpleLookup_h_!$D$8:$E$13,2,0),""),IF(A5<>"",IFERROR(VLOOKUP(A5,_h_SimpleLookup_h_!$D$8:$E$13,2,0),""),"")))))) -> MICROPLAN_MO | M5: F-2026-02-25-000127 | N5: LN 2 | O5: Warehouse | P5: Permanent | Q5: 100 | R5: Active
A6: Nigeria | B6: =IFERROR(INDEX(_h_SimpleLookup_h_!$I$16:$I$20,MATCH(CONCATENATE(INDIRECT("A"&ROW())),_h_SimpleLookup_h_!$H$16:$H$20,0)),"") -> H_04952a0f984dccfa1c401fbe5669c5342059049be3e2bba73dc5a481759b22a9 | D6: =IFERROR(INDEX(_h_SimpleLookup_h_!$I$16:$I$20,MATCH(CONCATENATE(INDIRECT("A"&ROW()), "#", INDIRECT("C"&ROW())),_h_SimpleLookup_h_!$H$16:$H$20,0)),"") | F6: =IFERROR(INDEX(_h_SimpleLookup_h_!$I$16:$I$20,MATCH(CONCATENATE(INDIRECT("A"&ROW()), "#", INDIRECT("C"&ROW()), "#", INDIRECT("E"&ROW())),_h_SimpleLookup_h_!$H$16:$H$20,0)),"") | H6: =IFERROR(INDEX(_h_SimpleLookup_h_!$I$16:$I$20,MATCH(CONCATENATE(INDIRECT("A"&ROW()), "#", INDIRECT("C"&ROW()), "#", INDIRECT("E"&ROW()), "#", INDIRECT("G"&ROW())),_h_SimpleLookup_h_!$H$16:$H$20,0)),"") | J6: =IFERROR(INDEX(_h_SimpleLookup_h_!$I$16:$I$20,MATCH(CONCATENATE(INDIRECT("A"&ROW()), "#", INDIRECT("C"&ROW()), "#", INDIRECT("E"&ROW()), "#", INDIRECT("G"&ROW()), "#", INDIRECT("I"&ROW())),_h_SimpleLookup_h_!$H$16:$H$20,0)),"") | L6: =IF(K6<>"",IFERROR(VLOOKUP(K6,_h_SimpleLookup_h_!$D$8:$E$13,2,0),""),IF(I6<>"",IFERROR(VLOOKUP(I6,_h_SimpleLookup_h_!$D$8:$E$13,2,0),""),IF(G6<>"",IFERROR(VLOOKUP(G6,_h_SimpleLookup_h_!$D$8:$E$13,2,0),""),IF(E6<>"",IFERROR(VLOOKUP(E6,_h_SimpleLookup_h_!$D$8:$E$13,2,0),""),IF(C6<>"",IFERROR(VLOOKUP(C6,_h_SimpleLookup_h_!$D$8:$E$13,2,0),""),IF(A6<>"",IFERROR(VLOOKUP(A6,_h_SimpleLookup_h_!$D$8:$E$13,2,0),""),"")))))) -> MICROPLAN_MO | M6: F-2026-03-24-000340 | N6: Central facility | O6: Warehouse | P6: Permanent | Q6: 1000 | R6: Active
A7: Nigeria | B7: =IFERROR(INDEX(_h_SimpleLookup_h_!$I$16:$I$20,MATCH(CONCATENATE(INDIRECT("A"&ROW())),_h_SimpleLookup_h_!$H$16:$H$20,0)),"") -> H_04952a0f984dccfa1c401fbe5669c5342059049be3e2bba73dc5a481759b22a9 | C7: Gaza | D7: =IFERROR(INDEX(_h_SimpleLookup_h_!$I$16:$I$20,MATCH(CONCATENATE(INDIRECT("A"&ROW()), "#", INDIRECT("C"&ROW())),_h_SimpleLookup_h_!$H$16:$H$20,0)),"") -> H_3d746386df8e70fc233233a9e10a429bbb45de06e238ef21fcff52d27fd51781 | F7: =IFERROR(INDEX(_h_SimpleLookup_h_!$I$16:$I$20,MATCH(CONCATENATE(INDIRECT("A"&ROW()), "#", INDIRECT("C"&ROW()), "#", INDIRECT("E"&ROW())),_h_SimpleLookup_h_!$H$16:$H$20,0)),"") | H7: =IFERROR(INDEX(_h_SimpleLookup_h_!$I$16:$I$20,MATCH(CONCATENATE(INDIRECT("A"&ROW()), "#", INDIRECT("C"&ROW()), "#", INDIRECT("E"&ROW()), "#", INDIRECT("G"&ROW())),_h_SimpleLookup_h_!$H$16:$H$20,0)),"") | J7: =IFERROR(INDEX(_h_SimpleLookup_h_!$I$16:$I$20,MATCH(CONCATENATE(INDIRECT("A"&ROW()), "#", INDIRECT("C"&ROW()), "#", INDIRECT("E"&ROW()), "#", INDIRECT("G"&ROW()), "#", INDIRECT("I"&ROW())),_h_SimpleLookup_h_!$H$16:$H$20,0)),"") | L7: =IF(K7<>"",IFERROR(VLOOKUP(K7,_h_SimpleLookup_h_!$D$8:$E$13,2,0),""),IF(I7<>"",IFERROR(VLOOKUP(I7,_h_SimpleLookup_h_!$D$8:$E$13,2,0),""),IF(G7<>"",IFERROR(VLOOKUP(G7,_h_SimpleLookup_h_!$D$8:$E$13,2,0),""),IF(E7<>"",IFERROR(VLOOKUP(E7,_h_SimpleLookup_h_!$D$8:$E$13,2,0),""),IF(C7<>"",IFERROR(VLOOKUP(C7,_h_SimpleLookup_h_!$D$8:$E$13,2,0),""),IF(A7<>"",IFERROR(VLOOKUP(A7,_h_SimpleLookup_h_!$D$8:$E$13,2,0),""),"")))))) -> MICROPLAN_MO_05_GAZA_TEST1 | N7: Gaza Fac1 | O7: Health Facility | P7: Permanent | Q7: 1000 | R7: Active
A8: Nigeria | B8: =IFERROR(INDEX(_h_SimpleLookup_h_!$I$16:$I$20,MATCH(CONCATENATE(INDIRECT("A"&ROW())),_h_SimpleLookup_h_!$H$16:$H$20,0)),"") -> H_04952a0f984dccfa1c401fbe5669c5342059049be3e2bba73dc5a481759b22a9 | C8: Gaza | D8: =IFERROR(INDEX(_h_SimpleLookup_h_!$I$16:$I$20,MATCH(CONCATENATE(INDIRECT("A"&ROW()), "#", INDIRECT("C"&ROW())),_h_SimpleLookup_h_!$H$16:$H$20,0)),"") -> H_3d746386df8e70fc233233a9e10a429bbb45de06e238ef21fcff52d27fd51781 | E8: Chibuto | F8: =IFERROR(INDEX(_h_SimpleLookup_h_!$I$16:$I$20,MATCH(CONCATENATE(INDIRECT("A"&ROW()), "#", INDIRECT("C"&ROW()), "#", INDIRECT("E"&ROW())),_h_SimpleLookup_h_!$H$16:$H$20,0)),"") -> H_f8225e850582739dca18bbc9f1b87eec4a399a506bac01963630d2d5869939c4 | H8: =IFERROR(INDEX(_h_SimpleLookup_h_!$I$16:$I$20,MATCH(CONCATENATE(INDIRECT("A"&ROW()), "#", INDIRECT("C"&ROW()), "#", INDIRECT("E"&ROW()), "#", INDIRECT("G"&ROW())),_h_SimpleLookup_h_!$H$16:$H$20,0)),"") | J8: =IFERROR(INDEX(_h_SimpleLookup_h_!$I$16:$I$20,MATCH(CONCATENATE(INDIRECT("A"&ROW()), "#", INDIRECT("C"&ROW()), "#", INDIRECT("E"&ROW()), "#", INDIRECT("G"&ROW()), "#", INDIRECT("I"&ROW())),_h_SimpleLookup_h_!$H$16:$H$20,0)),"") | L8: =IF(K8<>"",IFERROR(VLOOKUP(K8,_h_SimpleLookup_h_!$D$8:$E$13,2,0),""),IF(I8<>"",IFERROR(VLOOKUP(I8,_h_SimpleLookup_h_!$D$8:$E$13,2,0),""),IF(G8<>"",IFERROR(VLOOKUP(G8,_h_SimpleLookup_h_!$D$8:$E$13,2,0),""),IF(E8<>"",IFERROR(VLOOKUP(E8,_h_SimpleLookup_h_!$D$8:$E$13,2,0),""),IF(C8<>"",IFERROR(VLOOKUP(C8,_h_SimpleLookup_h_!$D$8:$E$13,2,0),""),IF(A8<>"",IFERROR(VLOOKUP(A8,_h_SimpleLookup_h_!$D$8:$E$13,2,0),""),"")))))) -> MICROPLAN_MO_05_01_CHIBUTO_TEST1 | N8: Chibuto Fac1 | O8: Warehouse | P8: Permanent | Q8: 1000 | R8: Active
A9: Nigeria | B9: =IFERROR(INDEX(_h_SimpleLookup_h_!$I$16:$I$20,MATCH(CONCATENATE(INDIRECT("A"&ROW())),_h_SimpleLookup_h_!$H$16:$H$20,0)),"") -> H_04952a0f984dccfa1c401fbe5669c5342059049be3e2bba73dc5a481759b22a9 | C9: Gaza | D9: =IFERROR(INDEX(_h_SimpleLookup_h_!$I$16:$I$20,MATCH(CONCATENATE(INDIRECT("A"&ROW()), "#", INDIRECT("C"&ROW())),_h_SimpleLookup_h_!$H$16:$H$20,0)),"") -> H_3d746386df8e70fc233233a9e10a429bbb45de06e238ef21fcff52d27fd51781 | E9: Chibuto | F9: =IFERROR(INDEX(_h_SimpleLookup_h_!$I$16:$I$20,MATCH(CONCATENATE(INDIRECT("A"&ROW()), "#", INDIRECT("C"&ROW()), "#", INDIRECT("E"&ROW())),_h_SimpleLookup_h_!$H$16:$H$20,0)),"") -> H_f8225e850582739dca18bbc9f1b87eec4a399a506bac01963630d2d5869939c4 | G9: Chibutoo | H9: =IFERROR(INDEX(_h_SimpleLookup_h_!$I$16:$I$20,MATCH(CONCATENATE(INDIRECT("A"&ROW()), "#", INDIRECT("C"&ROW()), "#", INDIRECT("E"&ROW()), "#", INDIRECT("G"&ROW())),_h_SimpleLookup_h_!$H$16:$H$20,0)),"") -> H_9de166f1e87c37e01777111aa51a73d37bbe5559df989fc50fad851f9070f447 | J9: =IFERROR(INDEX(_h_SimpleLookup_h_!$I$16:$I$20,MATCH(CONCATENATE(INDIRECT("A"&ROW()), "#", INDIRECT("C"&ROW()), "#", INDIRECT("E"&ROW()), "#", INDIRECT("G"&ROW()), "#", INDIRECT("I"&ROW())),_h_SimpleLookup_h_!$H$16:$H$20,0)),"") | L9: =IF(K9<>"",IFERROR(VLOOKUP(K9,_h_SimpleLookup_h_!$D$8:$E$13,2,0),""),IF(I9<>"",IFERROR(VLOOKUP(I9,_h_SimpleLookup_h_!$D$8:$E$13,2,0),""),IF(G9<>"",IFERROR(VLOOKUP(G9,_h_SimpleLookup_h_!$D$8:$E$13,2,0),""),IF(E9<>"",IFERROR(VLOOKUP(E9,_h_SimpleLookup_h_!$D$8:$E$13,2,0),""),IF(C9<>"",IFERROR(VLOOKUP(C9,_h_SimpleLookup_h_!$D$8:$E$13,2,0),""),IF(A9<>"",IFERROR(VLOOKUP(A9,_h_SimpleLookup_h_!$D$8:$E$13,2,0),""),"")))))) -> MICROPLAN_MO_05_01_01_CHIBUTOO_TEST1 | N9: Chibutoo Fac1 | O9: Storing Resource | P9: Permanent | Q9: 1000 | R9: Active
A10: Nigeria | B10: =IFERROR(INDEX(_h_SimpleLookup_h_!$I$16:$I$20,MATCH(CONCATENATE(INDIRECT("A"&ROW())),_h_SimpleLookup_h_!$H$16:$H$20,0)),"") -> H_04952a0f984dccfa1c401fbe5669c5342059049be3e2bba73dc5a481759b22a9 | C10: Gaza | D10: =IFERROR(INDEX(_h_SimpleLookup_h_!$I$16:$I$20,MATCH(CONCATENATE(INDIRECT("A"&ROW()), "#", INDIRECT("C"&ROW())),_h_SimpleLookup_h_!$H$16:$H$20,0)),"") -> H_3d746386df8e70fc233233a9e10a429bbb45de06e238ef21fcff52d27fd51781 | E10: Chibuto | F10: =IFERROR(INDEX(_h_SimpleLookup_h_!$I$16:$I$20,MATCH(CONCATENATE(INDIRECT("A"&ROW()), "#", INDIRECT("C"&ROW()), "#", INDIRECT("E"&ROW())),_h_SimpleLookup_h_!$H$16:$H$20,0)),"") -> H_f8225e850582739dca18bbc9f1b87eec4a399a506bac01963630d2d5869939c4 | G10: Chibutoo | H10: =IFERROR(INDEX(_h_SimpleLookup_h_!$I$16:$I$20,MATCH(CONCATENATE(INDIRECT("A"&ROW()), "#", INDIRECT("C"&ROW()), "#", INDIRECT("E"&ROW()), "#", INDIRECT("G"&ROW())),_h_SimpleLookup_h_!$H$16:$H$20,0)),"") -> H_9de166f1e87c37e01777111aa51a73d37bbe5559df989fc50fad851f9070f447 | I10: Chibuto Sede | J10: =IFERROR(INDEX(_h_SimpleLookup_h_!$I$16:$I$20,MATCH(CONCATENATE(INDIRECT("A"&ROW()), "#", INDIRECT("C"&ROW()), "#", INDIRECT("E"&ROW()), "#", INDIRECT("G"&ROW()), "#", INDIRECT("I"&ROW())),_h_SimpleLookup_h_!$H$16:$H$20,0)),"") -> H_e9c3596c6f157c143621a34465e5390d1264415e6840e00130c0b1805b8f179c | L10: =IF(K10<>"",IFERROR(VLOOKUP(K10,_h_SimpleLookup_h_!$D$8:$E$13,2,0),""),IF(I10<>"",IFERROR(VLOOKUP(I10,_h_SimpleLookup_h_!$D$8:$E$13,2,0),""),IF(G10<>"",IFERROR(VLOOKUP(G10,_h_SimpleLookup_h_!$D$8:$E$13,2,0),""),IF(E10<>"",IFERROR(VLOOKUP(E10,_h_SimpleLookup_h_!$D$8:$E$13,2,0),""),IF(C10<>"",IFERROR(VLOOKUP(C10,_h_SimpleLookup_h_!$D$8:$E$13,2,0),""),IF(A10<>"",IFERROR(VLOOKUP(A10,_h_SimpleLookup_h_!$D$8:$E$13,2,0),""),"")))))) -> MICROPLAN_MO_05_01_01_01_CHIBUTO_SEDE_TEST1 | N10: Chibuto Sede Fac1 | O10: Health Facility | P10: Permanent | Q10: 1000 | R10: Active
A11: Nigeria | B11: =IFERROR(INDEX(_h_SimpleLookup_h_!$I$16:$I$20,MATCH(CONCATENATE(INDIRECT("A"&ROW())),_h_SimpleLookup_h_!$H$16:$H$20,0)),"") -> H_04952a0f984dccfa1c401fbe5669c5342059049be3e2bba73dc5a481759b22a9 | C11: Gaza | D11: =IFERROR(INDEX(_h_SimpleLookup_h_!$I$16:$I$20,MATCH(CONCATENATE(INDIRECT("A"&ROW()), "#", INDIRECT("C"&ROW())),_h_SimpleLookup_h_!$H$16:$H$20,0)),"") -> H_3d746386df8e70fc233233a9e10a429bbb45de06e238ef21fcff52d27fd51781 | E11: Chibuto | F11: =IFERROR(INDEX(_h_SimpleLookup_h_!$I$16:$I$20,MATCH(CONCATENATE(INDIRECT("A"&ROW()), "#", INDIRECT("C"&ROW()), "#", INDIRECT("E"&ROW())),_h_SimpleLookup_h_!$H$16:$H$20,0)),"") -> H_f8225e850582739dca18bbc9f1b87eec4a399a506bac01963630d2d5869939c4 | G11: Chibutoo | H11: =IFERROR(INDEX(_h_SimpleLookup_h_!$I$16:$I$20,MATCH(CONCATENATE(INDIRECT("A"&ROW()), "#", INDIRECT("C"&ROW()), "#", INDIRECT("E"&ROW()), "#", INDIRECT("G"&ROW())),_h_SimpleLookup_h_!$H$16:$H$20,0)),"") -> H_9de166f1e87c37e01777111aa51a73d37bbe5559df989fc50fad851f9070f447 | I11: Chibuto Sede | J11: =IFERROR(INDEX(_h_SimpleLookup_h_!$I$16:$I$20,MATCH(CONCATENATE(INDIRECT("A"&ROW()), "#", INDIRECT("C"&ROW()), "#", INDIRECT("E"&ROW()), "#", INDIRECT("G"&ROW()), "#", INDIRECT("I"&ROW())),_h_SimpleLookup_h_!$H$16:$H$20,0)),"") -> H_e9c3596c6f157c143621a34465e5390d1264415e6840e00130c0b1805b8f179c | K11: Mapa | L11: =IF(K11<>"",IFERROR(VLOOKUP(K11,_h_SimpleLookup_h_!$D$8:$E$13,2,0),""),IF(I11<>"",IFERROR(VLOOKUP(I11,_h_SimpleLookup_h_!$D$8:$E$13,2,0),""),IF(G11<>"",IFERROR(VLOOKUP(G11,_h_SimpleLookup_h_!$D$8:$E$13,2,0),""),IF(E11<>"",IFERROR(VLOOKUP(E11,_h_SimpleLookup_h_!$D$8:$E$13,2,0),""),IF(C11<>"",IFERROR(VLOOKUP(C11,_h_SimpleLookup_h_!$D$8:$E$13,2,0),""),IF(A11<>"",IFERROR(VLOOKUP(A11,_h_SimpleLookup_h_!$D$8:$E$13,2,0),""),"")))))) -> MICROPLAN_MO_05_01_01_01_01_MAPA_TEST1 | N11: Mapa Fac1 | O11: Warehouse | P11: Permanent | Q11: 1000 | R11: Active
B12: =IFERROR(INDEX(_h_SimpleLookup_h_!$I$16:$I$20,MATCH(CONCATENATE(INDIRECT("A"&ROW())),_h_SimpleLookup_h_!$H$16:$H$20,0)),"") | D12: =IFERROR(INDEX(_h_SimpleLookup_h_!$I$16:$I$20,MATCH(CONCATENATE(INDIRECT("A"&ROW()), "#", INDIRECT("C"&ROW())),_h_SimpleLookup_h_!$H$16:$H$20,0)),"") | F12: =IFERROR(INDEX(_h_SimpleLookup_h_!$I$16:$I$20,MATCH(CONCATENATE(INDIRECT("A"&ROW()), "#", INDIRECT("C"&ROW()), "#", INDIRECT("E"&ROW())),_h_SimpleLookup_h_!$H$16:$H$20,0)),"") | H12: =IFERROR(INDEX(_h_SimpleLookup_h_!$I$16:$I$20,MATCH(CONCATENATE(INDIRECT("A"&ROW()), "#", INDIRECT("C"&ROW()), "#", INDIRECT("E"&ROW()), "#", INDIRECT("G"&ROW())),_h_SimpleLookup_h_!$H$16:$H$20,0)),"") | J12: =IFERROR(INDEX(_h_SimpleLookup_h_!$I$16:$I$20,MATCH(CONCATENATE(INDIRECT("A"&ROW()), "#", INDIRECT("C"&ROW()), "#", INDIRECT("E"&ROW()), "#", INDIRECT("G"&ROW()), "#", INDIRECT("I"&ROW())),_h_SimpleLookup_h_!$H$16:$H$20,0)),"") | L12: =IF(K12<>"",IFERROR(VLOOKUP(K12,_h_SimpleLookup_h_!$D$8:$E$13,2,0),""),IF(I12<>"",IFERROR(VLOOKUP(I12,_h_SimpleLookup_h_!$D$8:$E$13,2,0),""),IF(G12<>"",IFERROR(VLOOKUP(G12,_h_SimpleLookup_h_!$D$8:$E$13,2,0),""),IF(E12<>"",IFERROR(VLOOKUP(E12,_h_SimpleLookup_h_!$D$8:$E$13,2,0),""),IF(C12<>"",IFERROR(VLOOKUP(C12,_h_SimpleLookup_h_!$D$8:$E$13,2,0),""),IF(A12<>"",IFERROR(VLOOKUP(A12,_h_SimpleLookup_h_!$D$8:$E$13,2,0),""),""))))))
B13: =IFERROR(INDEX(_h_SimpleLookup_h_!$I$16:$I$20,MATCH(CONCATENATE(INDIRECT("A"&ROW())),_h_SimpleLookup_h_!$H$16:$H$20,0)),"") | D13: =IFERROR(INDEX(_h_SimpleLookup_h_!$I$16:$I$20,MATCH(CONCATENATE(INDIRECT("A"&ROW()), "#", INDIRECT("C"&ROW())),_h_SimpleLookup_h_!$H$16:$H$20,0)),"") | F13: =IFERROR(INDEX(_h_SimpleLookup_h_!$I$16:$I$20,MATCH(CONCATENATE(INDIRECT("A"&ROW()), "#", INDIRECT("C"&ROW()), "#", INDIRECT("E"&ROW())),_h_SimpleLookup_h_!$H$16:$H$20,0)),"") | H13: =IFERROR(INDEX(_h_SimpleLookup_h_!$I$16:$I$20,MATCH(CONCATENATE(INDIRECT("A"&ROW()), "#", INDIRECT("C"&ROW()), "#", INDIRECT("E"&ROW()), "#", INDIRECT("G"&ROW())),_h_SimpleLookup_h_!$H$16:$H$20,0)),"") | J13: =IFERROR(INDEX(_h_SimpleLookup_h_!$I$16:$I$20,MATCH(CONCATENATE(INDIRECT("A"&ROW()), "#", INDIRECT("C"&ROW()), "#", INDIRECT("E"&ROW()), "#", INDIRECT("G"&ROW()), "#", INDIRECT("I"&ROW())),_h_SimpleLookup_h_!$H$16:$H$20,0)),"") | L13: =IF(K13<>"",IFERROR(VLOOKUP(K13,_h_SimpleLookup_h_!$D$8:$E$13,2,0),""),IF(I13<>"",IFERROR(VLOOKUP(I13,_h_SimpleLookup_h_!$D$8:$E$13,2,0),""),IF(G13<>"",IFERROR(VLOOKUP(G13,_h_SimpleLookup_h_!$D$8:$E$13,2,0),""),IF(E13<>"",IFERROR(VLOOKUP(E13,_h_SimpleLookup_h_!$D$8:$E$13,2,0),""),IF(C13<>"",IFERROR(VLOOKUP(C13,_h_SimpleLookup_h_!$D$8:$E$13,2,0),""),IF(A13<>"",IFERROR(VLOOKUP(A13,_h_SimpleLookup_h_!$D$8:$E$13,2,0),""),""))))))
B14: =IFERROR(INDEX(_h_SimpleLookup_h_!$I$16:$I$20,MATCH(CONCATENATE(INDIRECT("A"&ROW())),_h_SimpleLookup_h_!$H$16:$H$20,0)),"") | D14: =IFERROR(INDEX(_h_SimpleLookup_h_!$I$16:$I$20,MATCH(CONCATENATE(INDIRECT("A"&ROW()), "#", INDIRECT("C"&ROW())),_h_SimpleLookup_h_!$H$16:$H$20,0)),"") | F14: =IFERROR(INDEX(_h_SimpleLookup_h_!$I$16:$I$20,MATCH(CONCATENATE(INDIRECT("A"&ROW()), "#", INDIRECT("C"&ROW()), "#", INDIRECT("E"&ROW())),_h_SimpleLookup_h_!$H$16:$H$20,0)),"") | H14: =IFERROR(INDEX(_h_SimpleLookup_h_!$I$16:$I$20,MATCH(CONCATENATE(INDIRECT("A"&ROW()), "#", INDIRECT("C"&ROW()), "#", INDIRECT("E"&ROW()), "#", INDIRECT("G"&ROW())),_h_SimpleLookup_h_!$H$16:$H$20,0)),"") | J14: =IFERROR(INDEX(_h_SimpleLookup_h_!$I$16:$I$20,MATCH(CONCATENATE(INDIRECT("A"&ROW()), "#", INDIRECT("C"&ROW()), "#", INDIRECT("E"&ROW()), "#", INDIRECT("G"&ROW()), "#", INDIRECT("I"&ROW())),_h_SimpleLookup_h_!$H$16:$H$20,0)),"") | L14: =IF(K14<>"",IFERROR(VLOOKUP(K14,_h_SimpleLookup_h_!$D$8:$E$13,2,0),""),IF(I14<>"",IFERROR(VLOOKUP(I14,_h_SimpleLookup_h_!$D$8:$E$13,2,0),""),IF(G14<>"",IFERROR(VLOOKUP(G14,_h_SimpleLookup_h_!$D$8:$E$13,2,0),""),IF(E14<>"",IFERROR(VLOOKUP(E14,_h_SimpleLookup_h_!$D$8:$E$13,2,0),""),IF(C14<>"",IFERROR(VLOOKUP(C14,_h_SimpleLookup_h_!$D$8:$E$13,2,0),""),IF(A14<>"",IFERROR(VLOOKUP(A14,_h_SimpleLookup_h_!$D$8:$E$13,2,0),""),""))))))
B15: =IFERROR(INDEX(_h_SimpleLookup_h_!$I$16:$I$20,MATCH(CONCATENATE(INDIRECT("A"&ROW())),_h_SimpleLookup_h_!$H$16:$H$20,0)),"") | D15: =IFERROR(INDEX(_h_SimpleLookup_h_!$I$16:$I$20,MATCH(CONCATENATE(INDIRECT("A"&ROW()), "#", INDIRECT("C"&ROW())),_h_SimpleLookup_h_!$H$16:$H$20,0)),"") | F15: =IFERROR(INDEX(_h_SimpleLookup_h_!$I$16:$I$20,MATCH(CONCATENATE(INDIRECT("A"&ROW()), "#", INDIRECT("C"&ROW()), "#", INDIRECT("E"&ROW())),_h_SimpleLookup_h_!$H$16:$H$20,0)),"") | H15: =IFERROR(INDEX(_h_SimpleLookup_h_!$I$16:$I$20,MATCH(CONCATENATE(INDIRECT("A"&ROW()), "#", INDIRECT("C"&ROW()), "#", INDIRECT("E"&ROW()), "#", INDIRECT("G"&ROW())),_h_SimpleLookup_h_!$H$16:$H$20,0)),"") | J15: =IFERROR(INDEX(_h_SimpleLookup_h_!$I$16:$I$20,MATCH(CONCATENATE(INDIRECT("A"&ROW()), "#", INDIRECT("C"&ROW()), "#", INDIRECT("E"&ROW()), "#", INDIRECT("G"&ROW()), "#", INDIRECT("I"&ROW())),_h_SimpleLookup_h_!$H$16:$H$20,0)),"") | L15: =IF(K15<>"",IFERROR(VLOOKUP(K15,_h_SimpleLookup_h_!$D$8:$E$13,2,0),""),IF(I15<>"",IFERROR(VLOOKUP(I15,_h_SimpleLookup_h_!$D$8:$E$13,2,0),""),IF(G15<>"",IFERROR(VLOOKUP(G15,_h_SimpleLookup_h_!$D$8:$E$13,2,0),""),IF(E15<>"",IFERROR(VLOOKUP(E15,_h_SimpleLookup_h_!$D$8:$E$13,2,0),""),IF(C15<>"",IFERROR(VLOOKUP(C15,_h_SimpleLookup_h_!$D$8:$E$13,2,0),""),IF(A15<>"",IFERROR(VLOOKUP(A15,_h_SimpleLookup_h_!$D$8:$E$13,2,0),""),""))))))
B16: =IFERROR(INDEX(_h_SimpleLookup_h_!$I$16:$I$20,MATCH(CONCATENATE(INDIRECT("A"&ROW())),_h_SimpleLookup_h_!$H$16:$H$20,0)),"") | D16: =IFERROR(INDEX(_h_SimpleLookup_h_!$I$16:$I$20,MATCH(CONCATENATE(INDIRECT("A"&ROW()), "#", INDIRECT("C"&ROW())),_h_SimpleLookup_h_!$H$16:$H$20,0)),"") | F16: =IFERROR(INDEX(_h_SimpleLookup_h_!$I$16:$I$20,MATCH(CONCATENATE(INDIRECT("A"&ROW()), "#", INDIRECT("C"&ROW()), "#", INDIRECT("E"&ROW())),_h_SimpleLookup_h_!$H$16:$H$20,0)),"") | H16: =IFERROR(INDEX(_h_SimpleLookup_h_!$I$16:$I$20,MATCH(CONCATENATE(INDIRECT("A"&ROW()), "#", INDIRECT("C"&ROW()), "#", INDIRECT("E"&ROW()), "#", INDIRECT("G"&ROW())),_h_SimpleLookup_h_!$H$16:$H$20,0)),"") | J16: =IFERROR(INDEX(_h_SimpleLookup_h_!$I$16:$I$20,MATCH(CONCATENATE(INDIRECT("A"&ROW()), "#", INDIRECT("C"&ROW()), "#", INDIRECT("E"&ROW()), "#", INDIRECT("G"&ROW()), "#", INDIRECT("I"&ROW())),_h_SimpleLookup_h_!$H$16:$H$20,0)),"") | L16: =IF(K16<>"",IFERROR(VLOOKUP(K16,_h_SimpleLookup_h_!$D$8:$E$13,2,0),""),IF(I16<>"",IFERROR(VLOOKUP(I16,_h_SimpleLookup_h_!$D$8:$E$13,2,0),""),IF(G16<>"",IFERROR(VLOOKUP(G16,_h_SimpleLookup_h_!$D$8:$E$13,2,0),""),IF(E16<>"",IFERROR(VLOOKUP(E16,_h_SimpleLookup_h_!$D$8:$E$13,2,0),""),IF(C16<>"",IFERROR(VLOOKUP(C16,_h_SimpleLookup_h_!$D$8:$E$13,2,0),""),IF(A16<>"",IFERROR(VLOOKUP(A16,_h_SimpleLookup_h_!$D$8:$E$13,2,0),""),""))))))
B17: =IFERROR(INDEX(_h_SimpleLookup_h_!$I$16:$I$20,MATCH(CONCATENATE(INDIRECT("A"&ROW())),_h_SimpleLookup_h_!$H$16:$H$20,0)),"") | D17: =IFERROR(INDEX(_h_SimpleLookup_h_!$I$16:$I$20,MATCH(CONCATENATE(INDIRECT("A"&ROW()), "#", INDIRECT("C"&ROW())),_h_SimpleLookup_h_!$H$16:$H$20,0)),"") | F17: =IFERROR(INDEX(_h_SimpleLookup_h_!$I$16:$I$20,MATCH(CONCATENATE(INDIRECT("A"&ROW()), "#", INDIRECT("C"&ROW()), "#", INDIRECT("E"&ROW())),_h_SimpleLookup_h_!$H$16:$H$20,0)),"") | H17: =IFERROR(INDEX(_h_SimpleLookup_h_!$I$16:$I$20,MATCH(CONCATENATE(INDIRECT("A"&ROW()), "#", INDIRECT("C"&ROW()), "#", INDIRECT("E"&ROW()), "#", INDIRECT("G"&ROW())),_h_SimpleLookup_h_!$H$16:$H$20,0)),"") | J17: =IFERROR(INDEX(_h_SimpleLookup_h_!$I$16:$I$20,MATCH(CONCATENATE(INDIRECT("A"&ROW()), "#", INDIRECT("C"&ROW()), "#", INDIRECT("E"&ROW()), "#", INDIRECT("G"&ROW()), "#", INDIRECT("I"&ROW())),_h_SimpleLookup_h_!$H$16:$H$20,0)),"") | L17: =IF(K17<>"",IFERROR(VLOOKUP(K17,_h_SimpleLookup_h_!$D$8:$E$13,2,0),""),IF(I17<>"",IFERROR(VLOOKUP(I17,_h_SimpleLookup_h_!$D$8:$E$13,2,0),""),IF(G17<>"",IFERROR(VLOOKUP(G17,_h_SimpleLookup_h_!$D$8:$E$13,2,0),""),IF(E17<>"",IFERROR(VLOOKUP(E17,_h_SimpleLookup_h_!$D$8:$E$13,2,0),""),IF(C17<>"",IFERROR(VLOOKUP(C17,_h_SimpleLookup_h_!$D$8:$E$13,2,0),""),IF(A17<>"",IFERROR(VLOOKUP(A17,_h_SimpleLookup_h_!$D$8:$E$13,2,0),""),""))))))
B18: =IFERROR(INDEX(_h_SimpleLookup_h_!$I$16:$I$20,MATCH(CONCATENATE(INDIRECT("A"&ROW())),_h_SimpleLookup_h_!$H$16:$H$20,0)),"") | D18: =IFERROR(INDEX(_h_SimpleLookup_h_!$I$16:$I$20,MATCH(CONCATENATE(INDIRECT("A"&ROW()), "#", INDIRECT("C"&ROW())),_h_SimpleLookup_h_!$H$16:$H$20,0)),"") | F18: =IFERROR(INDEX(_h_SimpleLookup_h_!$I$16:$I$20,MATCH(CONCATENATE(INDIRECT("A"&ROW()), "#", INDIRECT("C"&ROW()), "#", INDIRECT("E"&ROW())),_h_SimpleLookup_h_!$H$16:$H$20,0)),"") | H18: =IFERROR(INDEX(_h_SimpleLookup_h_!$I$16:$I$20,MATCH(CONCATENATE(INDIRECT("A"&ROW()), "#", INDIRECT("C"&ROW()), "#", INDIRECT("E"&ROW()), "#", INDIRECT("G"&ROW())),_h_SimpleLookup_h_!$H$16:$H$20,0)),"") | J18: =IFERROR(INDEX(_h_SimpleLookup_h_!$I$16:$I$20,MATCH(CONCATENATE(INDIRECT("A"&ROW()), "#", INDIRECT("C"&ROW()), "#", INDIRECT("E"&ROW()), "#", INDIRECT("G"&ROW()), "#", INDIRECT("I"&ROW())),_h_SimpleLookup_h_!$H$16:$H$20,0)),"") | L18: =IF(K18<>"",IFERROR(VLOOKUP(K18,_h_SimpleLookup_h_!$D$8:$E$13,2,0),""),IF(I18<>"",IFERROR(VLOOKUP(I18,_h_SimpleLookup_h_!$D$8:$E$13,2,0),""),IF(G18<>"",IFERROR(VLOOKUP(G18,_h_SimpleLookup_h_!$D$8:$E$13,2,0),""),IF(E18<>"",IFERROR(VLOOKUP(E18,_h_SimpleLookup_h_!$D$8:$E$13,2,0),""),IF(C18<>"",IFERROR(VLOOKUP(C18,_h_SimpleLookup_h_!$D$8:$E$13,2,0),""),IF(A18<>"",IFERROR(VLOOKUP(A18,_h_SimpleLookup_h_!$D$8:$E$13,2,0),""),""))))))
B19: =IFERROR(INDEX(_h_SimpleLookup_h_!$I$16:$I$20,MATCH(CONCATENATE(INDIRECT("A"&ROW())),_h_SimpleLookup_h_!$H$16:$H$20,0)),"") | D19: =IFERROR(INDEX(_h_SimpleLookup_h_!$I$16:$I$20,MATCH(CONCATENATE(INDIRECT("A"&ROW()), "#", INDIRECT("C"&ROW())),_h_SimpleLookup_h_!$H$16:$H$20,0)),"") | F19: =IFERROR(INDEX(_h_SimpleLookup_h_!$I$16:$I$20,MATCH(CONCATENATE(INDIRECT("A"&ROW()), "#", INDIRECT("C"&ROW()), "#", INDIRECT("E"&ROW())),_h_SimpleLookup_h_!$H$16:$H$20,0)),"") | H19: =IFERROR(INDEX(_h_SimpleLookup_h_!$I$16:$I$20,MATCH(CONCATENATE(INDIRECT("A"&ROW()), "#", INDIRECT("C"&ROW()), "#", INDIRECT("E"&ROW()), "#", INDIRECT("G"&ROW())),_h_SimpleLookup_h_!$H$16:$H$20,0)),"") | J19: =IFERROR(INDEX(_h_SimpleLookup_h_!$I$16:$I$20,MATCH(CONCATENATE(INDIRECT("A"&ROW()), "#", INDIRECT("C"&ROW()), "#", INDIRECT("E"&ROW()), "#", INDIRECT("G"&ROW()), "#", INDIRECT("I"&ROW())),_h_SimpleLookup_h_!$H$16:$H$20,0)),"") | L19: =IF(K19<>"",IFERROR(VLOOKUP(K19,_h_SimpleLookup_h_!$D$8:$E$13,2,0),""),IF(I19<>"",IFERROR(VLOOKUP(I19,_h_SimpleLookup_h_!$D$8:$E$13,2,0),""),IF(G19<>"",IFERROR(VLOOKUP(G19,_h_SimpleLookup_h_!$D$8:$E$13,2,0),""),IF(E19<>"",IFERROR(VLOOKUP(E19,_h_SimpleLookup_h_!$D$8:$E$13,2,0),""),IF(C19<>"",IFERROR(VLOOKUP(C19,_h_SimpleLookup_h_!$D$8:$E$13,2,0),""),IF(A19<>"",IFERROR(VLOOKUP(A19,_h_SimpleLookup_h_!$D$8:$E$13,2,0),""),""))))))
B20: =IFERROR(INDEX(_h_SimpleLookup_h_!$I$16:$I$20,MATCH(CONCATENATE(INDIRECT("A"&ROW())),_h_SimpleLookup_h_!$H$16:$H$20,0)),"") | D20: =IFERROR(INDEX(_h_SimpleLookup_h_!$I$16:$I$20,MATCH(CONCATENATE(INDIRECT("A"&ROW()), "#", INDIRECT("C"&ROW())),_h_SimpleLookup_h_!$H$16:$H$20,0)),"") | F20: =IFERROR(INDEX(_h_SimpleLookup_h_!$I$16:$I$20,MATCH(CONCATENATE(INDIRECT("A"&ROW()), "#", INDIRECT("C"&ROW()), "#", INDIRECT("E"&ROW())),_h_SimpleLookup_h_!$H$16:$H$20,0)),"") | H20: =IFERROR(INDEX(_h_SimpleLookup_h_!$I$16:$I$20,MATCH(CONCATENATE(INDIRECT("A"&ROW()), "#", INDIRECT("C"&ROW()), "#", INDIRECT("E"&ROW()), "#", INDIRECT("G"&ROW())),_h_SimpleLookup_h_!$H$16:$H$20,0)),"") | J20: =IFERROR(INDEX(_h_SimpleLookup_h_!$I$16:$I$20,MATCH(CONCATENATE(INDIRECT("A"&ROW()), "#", INDIRECT("C"&ROW()), "#", INDIRECT("E"&ROW()), "#", INDIRECT("G"&ROW()), "#", INDIRECT("I"&ROW())),_h_SimpleLookup_h_!$H$16:$H$20,0)),"") | L20: =IF(K20<>"",IFERROR(VLOOKUP(K20,_h_SimpleLookup_h_!$D$8:$E$13,2,0),""),IF(I20<>"",IFERROR(VLOOKUP(I20,_h_SimpleLookup_h_!$D$8:$E$13,2,0),""),IF(G20<>"",IFERROR(VLOOKUP(G20,_h_SimpleLookup_h_!$D$8:$E$13,2,0),""),IF(E20<>"",IFERROR(VLOOKUP(E20,_h_SimpleLookup_h_!$D$8:$E$13,2,0),""),IF(C20<>"",IFERROR(VLOOKUP(C20,_h_SimpleLookup_h_!$D$8:$E$13,2,0),""),IF(A20<>"",IFERROR(VLOOKUP(A20,_h_SimpleLookup_h_!$D$8:$E$13,2,0),""),""))))))
B21: =IFERROR(INDEX(_h_SimpleLookup_h_!$I$16:$I$20,MATCH(CONCATENATE(INDIRECT("A"&ROW())),_h_SimpleLookup_h_!$H$16:$H$20,0)),"") | D21: =IFERROR(INDEX(_h_SimpleLookup_h_!$I$16:$I$20,MATCH(CONCATENATE(INDIRECT("A"&ROW()), "#", INDIRECT("C"&ROW())),_h_SimpleLookup_h_!$H$16:$H$20,0)),"") | F21: =IFERROR(INDEX(_h_SimpleLookup_h_!$I$16:$I$20,MATCH(CONCATENATE(INDIRECT("A"&ROW()), "#", INDIRECT("C"&ROW()), "#", INDIRECT("E"&ROW())),_h_SimpleLookup_h_!$H$16:$H$20,0)),"") | H21: =IFERROR(INDEX(_h_SimpleLookup_h_!$I$16:$I$20,MATCH(CONCATENATE(INDIRECT("A"&ROW()), "#", INDIRECT("C"&ROW()), "#", INDIRECT("E"&ROW()), "#", INDIRECT("G"&ROW())),_h_SimpleLookup_h_!$H$16:$H$20,0)),"") | J21: =IFERROR(INDEX(_h_SimpleLookup_h_!$I$16:$I$20,MATCH(CONCATENATE(INDIRECT("A"&ROW()), "#", INDIRECT("C"&ROW()), "#", INDIRECT("E"&ROW()), "#", INDIRECT("G"&ROW()), "#", INDIRECT("I"&ROW())),_h_SimpleLookup_h_!$H$16:$H$20,0)),"") | L21: =IF(K21<>"",IFERROR(VLOOKUP(K21,_h_SimpleLookup_h_!$D$8:$E$13,2,0),""),IF(I21<>"",IFERROR(VLOOKUP(I21,_h_SimpleLookup_h_!$D$8:$E$13,2,0),""),IF(G21<>"",IFERROR(VLOOKUP(G21,_h_SimpleLookup_h_!$D$8:$E$13,2,0),""),IF(E21<>"",IFERROR(VLOOKUP(E21,_h_SimpleLookup_h_!$D$8:$E$13,2,0),""),IF(C21<>"",IFERROR(VLOOKUP(C21,_h_SimpleLookup_h_!$D$8:$E$13,2,0),""),IF(A21<>"",IFERROR(VLOOKUP(A21,_h_SimpleLookup_h_!$D$8:$E$13,2,0),""),""))))))
B22: =IFERROR(INDEX(_h_SimpleLookup_h_!$I$16:$I$20,MATCH(CONCATENATE(INDIRECT("A"&ROW())),_h_SimpleLookup_h_!$H$16:$H$20,0)),"") | D22: =IFERROR(INDEX(_h_SimpleLookup_h_!$I$16:$I$20,MATCH(CONCATENATE(INDIRECT("A"&ROW()), "#", INDIRECT("C"&ROW())),_h_SimpleLookup_h_!$H$16:$H$20,0)),"") | F22: =IFERROR(INDEX(_h_SimpleLookup_h_!$I$16:$I$20,MATCH(CONCATENATE(INDIRECT("A"&ROW()), "#", INDIRECT("C"&ROW()), "#", INDIRECT("E"&ROW())),_h_SimpleLookup_h_!$H$16:$H$20,0)),"") | H22: =IFERROR(INDEX(_h_SimpleLookup_h_!$I$16:$I$20,MATCH(CONCATENATE(INDIRECT("A"&ROW()), "#", INDIRECT("C"&ROW()), "#", INDIRECT("E"&ROW()), "#", INDIRECT("G"&ROW())),_h_SimpleLookup_h_!$H$16:$H$20,0)),"") | J22: =IFERROR(INDEX(_h_SimpleLookup_h_!$I$16:$I$20,MATCH(CONCATENATE(INDIRECT("A"&ROW()), "#", INDIRECT("C"&ROW()), "#", INDIRECT("E"&ROW()), "#", INDIRECT("G"&ROW()), "#", INDIRECT("I"&ROW())),_h_SimpleLookup_h_!$H$16:$H$20,0)),"") | L22: =IF(K22<>"",IFERROR(VLOOKUP(K22,_h_SimpleLookup_h_!$D$8:$E$13,2,0),""),IF(I22<>"",IFERROR(VLOOKUP(I22,_h_SimpleLookup_h_!$D$8:$E$13,2,0),""),IF(G22<>"",IFERROR(VLOOKUP(G22,_h_SimpleLookup_h_!$D$8:$E$13,2,0),""),IF(E22<>"",IFERROR(VLOOKUP(E22,_h_SimpleLookup_h_!$D$8:$E$13,2,0),""),IF(C22<>"",IFERROR(VLOOKUP(C22,_h_SimpleLookup_h_!$D$8:$E$13,2,0),""),IF(A22<>"",IFERROR(VLOOKUP(A22,_h_SimpleLookup_h_!$D$8:$E$13,2,0),""),""))))))
B23: =IFERROR(INDEX(_h_SimpleLookup_h_!$I$16:$I$20,MATCH(CONCATENATE(INDIRECT("A"&ROW())),_h_SimpleLookup_h_!$H$16:$H$20,0)),"") | D23: =IFERROR(INDEX(_h_SimpleLookup_h_!$I$16:$I$20,MATCH(CONCATENATE(INDIRECT("A"&ROW()), "#", INDIRECT("C"&ROW())),_h_SimpleLookup_h_!$H$16:$H$20,0)),"") | F23: =IFERROR(INDEX(_h_SimpleLookup_h_!$I$16:$I$20,MATCH(CONCATENATE(INDIRECT("A"&ROW()), "#", INDIRECT("C"&ROW()), "#", INDIRECT("E"&ROW())),_h_SimpleLookup_h_!$H$16:$H$20,0)),"") | H23: =IFERROR(INDEX(_h_SimpleLookup_h_!$I$16:$I$20,MATCH(CONCATENATE(INDIRECT("A"&ROW()), "#", INDIRECT("C"&ROW()), "#", INDIRECT("E"&ROW()), "#", INDIRECT("G"&ROW())),_h_SimpleLookup_h_!$H$16:$H$20,0)),"") | J23: =IFERROR(INDEX(_h_SimpleLookup_h_!$I$16:$I$20,MATCH(CONCATENATE(INDIRECT("A"&ROW()), "#", INDIRECT("C"&ROW()), "#", INDIRECT("E"&ROW()), "#", INDIRECT("G"&ROW()), "#", INDIRECT("I"&ROW())),_h_SimpleLookup_h_!$H$16:$H$20,0)),"") | L23: =IF(K23<>"",IFERROR(VLOOKUP(K23,_h_SimpleLookup_h_!$D$8:$E$13,2,0),""),IF(I23<>"",IFERROR(VLOOKUP(I23,_h_SimpleLookup_h_!$D$8:$E$13,2,0),""),IF(G23<>"",IFERROR(VLOOKUP(G23,_h_SimpleLookup_h_!$D$8:$E$13,2,0),""),IF(E23<>"",IFERROR(VLOOKUP(E23,_h_SimpleLookup_h_!$D$8:$E$13,2,0),""),IF(C23<>"",IFERROR(VLOOKUP(C23,_h_SimpleLookup_h_!$D$8:$E$13,2,0),""),IF(A23<>"",IFERROR(VLOOKUP(A23,_h_SimpleLookup_h_!$D$8:$E$13,2,0),""),""))))))
... B1011: =IFERROR(INDEX(_h_SimpleLookup_h_!$I$16:$I$20,MATCH(CONCATENATE(INDIRECT("A"&ROW())),_h_SimpleLookup_h_!$H$16:$H$20,0)),"") | D1011: =IFERROR(INDEX(_h_SimpleLookup_h_!$I$16:$I$20,MATCH(CONCATENATE(INDIRECT("A"&ROW()), "#", INDIRECT("C"&ROW())),_h_SimpleLookup_h_!$H$16:$H$20,0)),"") | F1011: =IFERROR(INDEX(_h_SimpleLookup_h_!$I$16:$I$20,MATCH(CONCATENATE(INDIRECT("A"&ROW()), "#", INDIRECT("C"&ROW()), "#", INDIRECT("E"&ROW())),_h_SimpleLookup_h_!$H$16:$H$20,0)),"") | H1011: =IFERROR(INDEX(_h_SimpleLookup_h_!$I$16:$I$20,MATCH(CONCATENATE(INDIRECT("A"&ROW()), "#", INDIRECT("C"&ROW()), "#", INDIRECT("E"&ROW()), "#", INDIRECT("G"&ROW())),_h_SimpleLookup_h_!$H$16:$H$20,0)),"") | J1011: =IFERROR(INDEX(_h_SimpleLookup_h_!$I$16:$I$20,MATCH(CONCATENATE(INDIRECT("A"&ROW()), "#", INDIRECT("C"&ROW()), "#", INDIRECT("E"&ROW()), "#", INDIRECT("G"&ROW()), "#", INDIRECT("I"&ROW())),_h_SimpleLookup_h_!$H$16:$H$20,0)),"") | L1011: =IF(K1011<>"",IFERROR(VLOOKUP(K1011,_h_SimpleLookup_h_!$D$8:$E$13,2,0),""),IF(I1011<>"",IFERROR(VLOOKUP(I1011,_h_SimpleLookup_h_!$D$8:$E$13,2,0),""),IF(G1011<>"",IFERROR(VLOOKUP(G1011,_h_SimpleLookup_h_!$D$8:$E$13,2,0),""),IF(E1011<>"",IFERROR(VLOOKUP(E1011,_h_SimpleLookup_h_!$D$8:$E$13,2,0),""),IF(C1011<>"",IFERROR(VLOOKUP(C1011,_h_SimpleLookup_h_!$D$8:$E$13,2,0),""),IF(A1011<>"",IFERROR(VLOOKUP(A1011,_h_SimpleLookup_h_!$D$8:$E$13,2,0),""),""))))))

Sheet User List
A1: MICROPLAN_COUNTRY | B1: MICROPLAN_PROVINCE_HELPER | C1: MICROPLAN_PROVINCE | D1: MICROPLAN_DISTRICT_HELPER | E1: MICROPLAN_DISTRICT | F1: MICROPLAN_ADMINISTRATIVEPOST_HELPER | G1: MICROPLAN_ADMINISTRATIVEPOST | H1: MICROPLAN_LOCALITY_HELPER | I1: MICROPLAN_LOCALITY | J1: MICROPLAN_VILLAGE_HELPER | K1: MICROPLAN_VILLAGE | L1: HCM_ADMIN_CONSOLE_BOUNDARY_CODE | M1: HCM_ADMIN_CONSOLE_USER_NAME | N1: HCM_ADMIN_CONSOLE_USER_PHONE_NUMBER | O1: HCM_ADMIN_CONSOLE_USER_ROLE_MULTISELECT_1 | P1: HCM_ADMIN_CONSOLE_USER_ROLE_MULTISELECT_2 | Q1: HCM_ADMIN_CONSOLE_USER_ROLE_MULTISELECT_3 | R1: HCM_ADMIN_CONSOLE_USER_ROLE_MULTISELECT_4 | S1: HCM_ADMIN_CONSOLE_USER_ROLE_MULTISELECT_5 | T1: HCM_ADMIN_CONSOLE_USER_ROLE | U1: HCM_ADMIN_CONSOLE_USER_EMPLOYMENT_TYPE | V1: HCM_ADMIN_CONSOLE_USER_USAGE | W1: UserName | X1: HCM_ADMIN_CONSOLE_USER_WORKER_ID | Y1: HCM_ADMIN_CONSOLE_USER_PAYMENT_PROVIDER | Z1: HCM_ADMIN_CONSOLE_USER_PAYEE_PHONE_NUMBER | AA1: HCM_ADMIN_CONSOLE_USER_PAYEE_NAME | AB1: HCM_ADMIN_CONSOLE_USER_BANK_ACCOUNT | AC1: HCM_ADMIN_CONSOLE_USER_BANK_CODE | AD1: Password | AE1: UserService Uuids | AF1: #status# | AG1: #errorDetails#
A2: Country | B2: MICROPLAN_PROVINCE_HELPER | C2: Province | D2: MICROPLAN_DISTRICT_HELPER | E2: District | F2: MICROPLAN_ADMINISTRATIVEPOST_HELPER | G2: Administrative Post | H2: MICROPLAN_LOCALITY_HELPER | I2: Locality | J2: MICROPLAN_VILLAGE_HELPER | K2: Village | L2: Service Boundary Code | M2: Name | N2: Phone Number (Mandatory) | O2: User Role 1 | P2: User Role 2 | Q2: User Role 3 | R2: User Role 4 | S2: User Role 5 | T2: User Role | U2: Employment Type (Mandatory) | V2: Active / Inactive | W2: UserName | X2: User ID | Y2: Payment Provider | Z2: Payee Phone Number | AA2: Payee Name | AB2: Bank Account | AC2: Bank Code | AD2: Password | AE2: UserService Uuids | AF2: #status# | AG2: #errorDetails#
A3: Nigeria | B3: =IFERROR(INDEX(_h_SimpleLookup_h_!$I$16:$I$20,MATCH(CONCATENATE(INDIRECT("A"&ROW())),_h_SimpleLookup_h_!$H$16:$H$20,0)),"") -> H_04952a0f984dccfa1c401fbe5669c5342059049be3e2bba73dc5a481759b22a9 | D3: =IFERROR(INDEX(_h_SimpleLookup_h_!$I$16:$I$20,MATCH(CONCATENATE(INDIRECT("A"&ROW()), "#", INDIRECT("C"&ROW())),_h_SimpleLookup_h_!$H$16:$H$20,0)),"") | F3: =IFERROR(INDEX(_h_SimpleLookup_h_!$I$16:$I$20,MATCH(CONCATENATE(INDIRECT("A"&ROW()), "#", INDIRECT("C"&ROW()), "#", INDIRECT("E"&ROW())),_h_SimpleLookup_h_!$H$16:$H$20,0)),"") | H3: =IFERROR(INDEX(_h_SimpleLookup_h_!$I$16:$I$20,MATCH(CONCATENATE(INDIRECT("A"&ROW()), "#", INDIRECT("C"&ROW()), "#", INDIRECT("E"&ROW()), "#", INDIRECT("G"&ROW())),_h_SimpleLookup_h_!$H$16:$H$20,0)),"") | J3: =IFERROR(INDEX(_h_SimpleLookup_h_!$I$16:$I$20,MATCH(CONCATENATE(INDIRECT("A"&ROW()), "#", INDIRECT("C"&ROW()), "#", INDIRECT("E"&ROW()), "#", INDIRECT("G"&ROW()), "#", INDIRECT("I"&ROW())),_h_SimpleLookup_h_!$H$16:$H$20,0)),"") | L3: =IF(K3<>"",IFERROR(VLOOKUP(K3,_h_SimpleLookup_h_!$D$8:$E$13,2,0),""),IF(I3<>"",IFERROR(VLOOKUP(I3,_h_SimpleLookup_h_!$D$8:$E$13,2,0),""),IF(G3<>"",IFERROR(VLOOKUP(G3,_h_SimpleLookup_h_!$D$8:$E$13,2,0),""),IF(E3<>"",IFERROR(VLOOKUP(E3,_h_SimpleLookup_h_!$D$8:$E$13,2,0),""),IF(C3<>"",IFERROR(VLOOKUP(C3,_h_SimpleLookup_h_!$D$8:$E$13,2,0),""),IF(A3<>"",IFERROR(VLOOKUP(A3,_h_SimpleLookup_h_!$D$8:$E$13,2,0),""),"")))))) -> MICROPLAN_MO | M3: DISL1 | N3: 2859768546 | O3: DISTRIBUTOR | T3: =IF(AND(ISBLANK(O3),ISBLANK(P3),ISBLANK(Q3),ISBLANK(R3),ISBLANK(S3)),"",TRIM(CONCATENATE(IF(ISBLANK(O3),"",O3&","),IF(ISBLANK(P3),"",P3&","),IF(ISBLANK(Q3),"",Q3&","),IF(ISBLANK(R3),"",R3&","),IF(ISBLANK(S3),"",S3&",")))) -> DISTRIBUTOR, | U3: Temporary | V3: Active
A4: Nigeria | B4: =IFERROR(INDEX(_h_SimpleLookup_h_!$I$16:$I$20,MATCH(CONCATENATE(INDIRECT("A"&ROW())),_h_SimpleLookup_h_!$H$16:$H$20,0)),"") -> H_04952a0f984dccfa1c401fbe5669c5342059049be3e2bba73dc5a481759b22a9 | C4: Gaza | D4: =IFERROR(INDEX(_h_SimpleLookup_h_!$I$16:$I$20,MATCH(CONCATENATE(INDIRECT("A"&ROW()), "#", INDIRECT("C"&ROW())),_h_SimpleLookup_h_!$H$16:$H$20,0)),"") -> H_3d746386df8e70fc233233a9e10a429bbb45de06e238ef21fcff52d27fd51781 | F4: =IFERROR(INDEX(_h_SimpleLookup_h_!$I$16:$I$20,MATCH(CONCATENATE(INDIRECT("A"&ROW()), "#", INDIRECT("C"&ROW()), "#", INDIRECT("E"&ROW())),_h_SimpleLookup_h_!$H$16:$H$20,0)),"") | H4: =IFERROR(INDEX(_h_SimpleLookup_h_!$I$16:$I$20,MATCH(CONCATENATE(INDIRECT("A"&ROW()), "#", INDIRECT("C"&ROW()), "#", INDIRECT("E"&ROW()), "#", INDIRECT("G"&ROW())),_h_SimpleLookup_h_!$H$16:$H$20,0)),"") | J4: =IFERROR(INDEX(_h_SimpleLookup_h_!$I$16:$I$20,MATCH(CONCATENATE(INDIRECT("A"&ROW()), "#", INDIRECT("C"&ROW()), "#", INDIRECT("E"&ROW()), "#", INDIRECT("G"&ROW()), "#", INDIRECT("I"&ROW())),_h_SimpleLookup_h_!$H$16:$H$20,0)),"") | L4: =IF(K4<>"",IFERROR(VLOOKUP(K4,_h_SimpleLookup_h_!$D$8:$E$13,2,0),""),IF(I4<>"",IFERROR(VLOOKUP(I4,_h_SimpleLookup_h_!$D$8:$E$13,2,0),""),IF(G4<>"",IFERROR(VLOOKUP(G4,_h_SimpleLookup_h_!$D$8:$E$13,2,0),""),IF(E4<>"",IFERROR(VLOOKUP(E4,_h_SimpleLookup_h_!$D$8:$E$13,2,0),""),IF(C4<>"",IFERROR(VLOOKUP(C4,_h_SimpleLookup_h_!$D$8:$E$13,2,0),""),IF(A4<>"",IFERROR(VLOOKUP(A4,_h_SimpleLookup_h_!$D$8:$E$13,2,0),""),"")))))) -> MICROPLAN_MO_05_GAZA_TEST1 | M4: DISL2 | N4: 2859768547 | O4: DISTRIBUTOR | T4: =IF(AND(ISBLANK(O4),ISBLANK(P4),ISBLANK(Q4),ISBLANK(R4),ISBLANK(S4)),"",TRIM(CONCATENATE(IF(ISBLANK(O4),"",O4&","),IF(ISBLANK(P4),"",P4&","),IF(ISBLANK(Q4),"",Q4&","),IF(ISBLANK(R4),"",R4&","),IF(ISBLANK(S4),"",S4&",")))) -> DISTRIBUTOR, | U4: Temporary | V4: Active
A5: Nigeria | B5: =IFERROR(INDEX(_h_SimpleLookup_h_!$I$16:$I$20,MATCH(CONCATENATE(INDIRECT("A"&ROW())),_h_SimpleLookup_h_!$H$16:$H$20,0)),"") -> H_04952a0f984dccfa1c401fbe5669c5342059049be3e2bba73dc5a481759b22a9 | C5: Gaza | D5: =IFERROR(INDEX(_h_SimpleLookup_h_!$I$16:$I$20,MATCH(CONCATENATE(INDIRECT("A"&ROW()), "#", INDIRECT("C"&ROW())),_h_SimpleLookup_h_!$H$16:$H$20,0)),"") -> H_3d746386df8e70fc233233a9e10a429bbb45de06e238ef21fcff52d27fd51781 | E5: Chibuto | F5: =IFERROR(INDEX(_h_SimpleLookup_h_!$I$16:$I$20,MATCH(CONCATENATE(INDIRECT("A"&ROW()), "#", INDIRECT("C"&ROW()), "#", INDIRECT("E"&ROW())),_h_SimpleLookup_h_!$H$16:$H$20,0)),"") -> H_f8225e850582739dca18bbc9f1b87eec4a399a506bac01963630d2d5869939c4 | H5: =IFERROR(INDEX(_h_SimpleLookup_h_!$I$16:$I$20,MATCH(CONCATENATE(INDIRECT("A"&ROW()), "#", INDIRECT("C"&ROW()), "#", INDIRECT("E"&ROW()), "#", INDIRECT("G"&ROW())),_h_SimpleLookup_h_!$H$16:$H$20,0)),"") | J5: =IFERROR(INDEX(_h_SimpleLookup_h_!$I$16:$I$20,MATCH(CONCATENATE(INDIRECT("A"&ROW()), "#", INDIRECT("C"&ROW()), "#", INDIRECT("E"&ROW()), "#", INDIRECT("G"&ROW()), "#", INDIRECT("I"&ROW())),_h_SimpleLookup_h_!$H$16:$H$20,0)),"") | L5: =IF(K5<>"",IFERROR(VLOOKUP(K5,_h_SimpleLookup_h_!$D$8:$E$13,2,0),""),IF(I5<>"",IFERROR(VLOOKUP(I5,_h_SimpleLookup_h_!$D$8:$E$13,2,0),""),IF(G5<>"",IFERROR(VLOOKUP(G5,_h_SimpleLookup_h_!$D$8:$E$13,2,0),""),IF(E5<>"",IFERROR(VLOOKUP(E5,_h_SimpleLookup_h_!$D$8:$E$13,2,0),""),IF(C5<>"",IFERROR(VLOOKUP(C5,_h_SimpleLookup_h_!$D$8:$E$13,2,0),""),IF(A5<>"",IFERROR(VLOOKUP(A5,_h_SimpleLookup_h_!$D$8:$E$13,2,0),""),"")))))) -> MICROPLAN_MO_05_01_CHIBUTO_TEST1 | M5: DISL3 | N5: 2859768548 | O5: DISTRIBUTOR | T5: =IF(AND(ISBLANK(O5),ISBLANK(P5),ISBLANK(Q5),ISBLANK(R5),ISBLANK(S5)),"",TRIM(CONCATENATE(IF(ISBLANK(O5),"",O5&","),IF(ISBLANK(P5),"",P5&","),IF(ISBLANK(Q5),"",Q5&","),IF(ISBLANK(R5),"",R5&","),IF(ISBLANK(S5),"",S5&",")))) -> DISTRIBUTOR, | U5: Temporary | V5: Active
A6: Nigeria | B6: =IFERROR(INDEX(_h_SimpleLookup_h_!$I$16:$I$20,MATCH(CONCATENATE(INDIRECT("A"&ROW())),_h_SimpleLookup_h_!$H$16:$H$20,0)),"") -> H_04952a0f984dccfa1c401fbe5669c5342059049be3e2bba73dc5a481759b22a9 | C6: Gaza | D6: =IFERROR(INDEX(_h_SimpleLookup_h_!$I$16:$I$20,MATCH(CONCATENATE(INDIRECT("A"&ROW()), "#", INDIRECT("C"&ROW())),_h_SimpleLookup_h_!$H$16:$H$20,0)),"") -> H_3d746386df8e70fc233233a9e10a429bbb45de06e238ef21fcff52d27fd51781 | E6: Chibuto | F6: =IFERROR(INDEX(_h_SimpleLookup_h_!$I$16:$I$20,MATCH(CONCATENATE(INDIRECT("A"&ROW()), "#", INDIRECT("C"&ROW()), "#", INDIRECT("E"&ROW())),_h_SimpleLookup_h_!$H$16:$H$20,0)),"") -> H_f8225e850582739dca18bbc9f1b87eec4a399a506bac01963630d2d5869939c4 | G6: Chibutoo | H6: =IFERROR(INDEX(_h_SimpleLookup_h_!$I$16:$I$20,MATCH(CONCATENATE(INDIRECT("A"&ROW()), "#", INDIRECT("C"&ROW()), "#", INDIRECT("E"&ROW()), "#", INDIRECT("G"&ROW())),_h_SimpleLookup_h_!$H$16:$H$20,0)),"") -> H_9de166f1e87c37e01777111aa51a73d37bbe5559df989fc50fad851f9070f447 | J6: =IFERROR(INDEX(_h_SimpleLookup_h_!$I$16:$I$20,MATCH(CONCATENATE(INDIRECT("A"&ROW()), "#", INDIRECT("C"&ROW()), "#", INDIRECT("E"&ROW()), "#", INDIRECT("G"&ROW()), "#", INDIRECT("I"&ROW())),_h_SimpleLookup_h_!$H$16:$H$20,0)),"") | L6: =IF(K6<>"",IFERROR(VLOOKUP(K6,_h_SimpleLookup_h_!$D$8:$E$13,2,0),""),IF(I6<>"",IFERROR(VLOOKUP(I6,_h_SimpleLookup_h_!$D$8:$E$13,2,0),""),IF(G6<>"",IFERROR(VLOOKUP(G6,_h_SimpleLookup_h_!$D$8:$E$13,2,0),""),IF(E6<>"",IFERROR(VLOOKUP(E6,_h_SimpleLookup_h_!$D$8:$E$13,2,0),""),IF(C6<>"",IFERROR(VLOOKUP(C6,_h_SimpleLookup_h_!$D$8:$E$13,2,0),""),IF(A6<>"",IFERROR(VLOOKUP(A6,_h_SimpleLookup_h_!$D$8:$E$13,2,0),""),"")))))) -> MICROPLAN_MO_05_01_01_CHIBUTOO_TEST1 | M6: DISL4 | N6: 2859768549 | O6: DISTRIBUTOR | T6: =IF(AND(ISBLANK(O6),ISBLANK(P6),ISBLANK(Q6),ISBLANK(R6),ISBLANK(S6)),"",TRIM(CONCATENATE(IF(ISBLANK(O6),"",O6&","),IF(ISBLANK(P6),"",P6&","),IF(ISBLANK(Q6),"",Q6&","),IF(ISBLANK(R6),"",R6&","),IF(ISBLANK(S6),"",S6&",")))) -> DISTRIBUTOR, | U6: Temporary | V6: Active
A7: Nigeria | B7: =IFERROR(INDEX(_h_SimpleLookup_h_!$I$16:$I$20,MATCH(CONCATENATE(INDIRECT("A"&ROW())),_h_SimpleLookup_h_!$H$16:$H$20,0)),"") -> H_04952a0f984dccfa1c401fbe5669c5342059049be3e2bba73dc5a481759b22a9 | C7: Gaza | D7: =IFERROR(INDEX(_h_SimpleLookup_h_!$I$16:$I$20,MATCH(CONCATENATE(INDIRECT("A"&ROW()), "#", INDIRECT("C"&ROW())),_h_SimpleLookup_h_!$H$16:$H$20,0)),"") -> H_3d746386df8e70fc233233a9e10a429bbb45de06e238ef21fcff52d27fd51781 | E7: Chibuto | F7: =IFERROR(INDEX(_h_SimpleLookup_h_!$I$16:$I$20,MATCH(CONCATENATE(INDIRECT("A"&ROW()), "#", INDIRECT("C"&ROW()), "#", INDIRECT("E"&ROW())),_h_SimpleLookup_h_!$H$16:$H$20,0)),"") -> H_f8225e850582739dca18bbc9f1b87eec4a399a506bac01963630d2d5869939c4 | G7: Chibutoo | H7: =IFERROR(INDEX(_h_SimpleLookup_h_!$I$16:$I$20,MATCH(CONCATENATE(INDIRECT("A"&ROW()), "#", INDIRECT("C"&ROW()), "#", INDIRECT("E"&ROW()), "#", INDIRECT("G"&ROW())),_h_SimpleLookup_h_!$H$16:$H$20,0)),"") -> H_9de166f1e87c37e01777111aa51a73d37bbe5559df989fc50fad851f9070f447 | I7: Chibuto Sede | J7: =IFERROR(INDEX(_h_SimpleLookup_h_!$I$16:$I$20,MATCH(CONCATENATE(INDIRECT("A"&ROW()), "#", INDIRECT("C"&ROW()), "#", INDIRECT("E"&ROW()), "#", INDIRECT("G"&ROW()), "#", INDIRECT("I"&ROW())),_h_SimpleLookup_h_!$H$16:$H$20,0)),"") -> H_e9c3596c6f157c143621a34465e5390d1264415e6840e00130c0b1805b8f179c | L7: =IF(K7<>"",IFERROR(VLOOKUP(K7,_h_SimpleLookup_h_!$D$8:$E$13,2,0),""),IF(I7<>"",IFERROR(VLOOKUP(I7,_h_SimpleLookup_h_!$D$8:$E$13,2,0),""),IF(G7<>"",IFERROR(VLOOKUP(G7,_h_SimpleLookup_h_!$D$8:$E$13,2,0),""),IF(E7<>"",IFERROR(VLOOKUP(E7,_h_SimpleLookup_h_!$D$8:$E$13,2,0),""),IF(C7<>"",IFERROR(VLOOKUP(C7,_h_SimpleLookup_h_!$D$8:$E$13,2,0),""),IF(A7<>"",IFERROR(VLOOKUP(A7,_h_SimpleLookup_h_!$D$8:$E$13,2,0),""),"")))))) -> MICROPLAN_MO_05_01_01_01_CHIBUTO_SEDE_TEST1 | M7: DISL5 | N7: 2859768550 | O7: DISTRIBUTOR | T7: =IF(AND(ISBLANK(O7),ISBLANK(P7),ISBLANK(Q7),ISBLANK(R7),ISBLANK(S7)),"",TRIM(CONCATENATE(IF(ISBLANK(O7),"",O7&","),IF(ISBLANK(P7),"",P7&","),IF(ISBLANK(Q7),"",Q7&","),IF(ISBLANK(R7),"",R7&","),IF(ISBLANK(S7),"",S7&",")))) -> DISTRIBUTOR, | U7: Temporary | V7: Active
A8: Nigeria | B8: =IFERROR(INDEX(_h_SimpleLookup_h_!$I$16:$I$20,MATCH(CONCATENATE(INDIRECT("A"&ROW())),_h_SimpleLookup_h_!$H$16:$H$20,0)),"") -> H_04952a0f984dccfa1c401fbe5669c5342059049be3e2bba73dc5a481759b22a9 | C8: Gaza | D8: =IFERROR(INDEX(_h_SimpleLookup_h_!$I$16:$I$20,MATCH(CONCATENATE(INDIRECT("A"&ROW()), "#", INDIRECT("C"&ROW())),_h_SimpleLookup_h_!$H$16:$H$20,0)),"") -> H_3d746386df8e70fc233233a9e10a429bbb45de06e238ef21fcff52d27fd51781 | E8: Chibuto | F8: =IFERROR(INDEX(_h_SimpleLookup_h_!$I$16:$I$20,MATCH(CONCATENATE(INDIRECT("A"&ROW()), "#", INDIRECT("C"&ROW()), "#", INDIRECT("E"&ROW())),_h_SimpleLookup_h_!$H$16:$H$20,0)),"") -> H_f8225e850582739dca18bbc9f1b87eec4a399a506bac01963630d2d5869939c4 | G8: Chibutoo | H8: =IFERROR(INDEX(_h_SimpleLookup_h_!$I$16:$I$20,MATCH(CONCATENATE(INDIRECT("A"&ROW()), "#", INDIRECT("C"&ROW()), "#", INDIRECT("E"&ROW()), "#", INDIRECT("G"&ROW())),_h_SimpleLookup_h_!$H$16:$H$20,0)),"") -> H_9de166f1e87c37e01777111aa51a73d37bbe5559df989fc50fad851f9070f447 | I8: Chibuto Sede | J8: =IFERROR(INDEX(_h_SimpleLookup_h_!$I$16:$I$20,MATCH(CONCATENATE(INDIRECT("A"&ROW()), "#", INDIRECT("C"&ROW()), "#", INDIRECT("E"&ROW()), "#", INDIRECT("G"&ROW()), "#", INDIRECT("I"&ROW())),_h_SimpleLookup_h_!$H$16:$H$20,0)),"") -> H_e9c3596c6f157c143621a34465e5390d1264415e6840e00130c0b1805b8f179c | K8: Mapa | L8: =IF(K8<>"",IFERROR(VLOOKUP(K8,_h_SimpleLookup_h_!$D$8:$E$13,2,0),""),IF(I8<>"",IFERROR(VLOOKUP(I8,_h_SimpleLookup_h_!$D$8:$E$13,2,0),""),IF(G8<>"",IFERROR(VLOOKUP(G8,_h_SimpleLookup_h_!$D$8:$E$13,2,0),""),IF(E8<>"",IFERROR(VLOOKUP(E8,_h_SimpleLookup_h_!$D$8:$E$13,2,0),""),IF(C8<>"",IFERROR(VLOOKUP(C8,_h_SimpleLookup_h_!$D$8:$E$13,2,0),""),IF(A8<>"",IFERROR(VLOOKUP(A8,_h_SimpleLookup_h_!$D$8:$E$13,2,0),""),"")))))) -> MICROPLAN_MO_05_01_01_01_01_MAPA_TEST1 | M8: DISL6 | N8: 2859768551 | O8: DISTRIBUTOR | T8: =IF(AND(ISBLANK(O8),ISBLANK(P8),ISBLANK(Q8),ISBLANK(R8),ISBLANK(S8)),"",TRIM(CONCATENATE(IF(ISBLANK(O8),"",O8&","),IF(ISBLANK(P8),"",P8&","),IF(ISBLANK(Q8),"",Q8&","),IF(ISBLANK(R8),"",R8&","),IF(ISBLANK(S8),"",S8&",")))) -> DISTRIBUTOR, | U8: Temporary | V8: Active
A9: Nigeria | B9: =IFERROR(INDEX(_h_SimpleLookup_h_!$I$16:$I$20,MATCH(CONCATENATE(INDIRECT("A"&ROW())),_h_SimpleLookup_h_!$H$16:$H$20,0)),"") -> H_04952a0f984dccfa1c401fbe5669c5342059049be3e2bba73dc5a481759b22a9 | D9: =IFERROR(INDEX(_h_SimpleLookup_h_!$I$16:$I$20,MATCH(CONCATENATE(INDIRECT("A"&ROW()), "#", INDIRECT("C"&ROW())),_h_SimpleLookup_h_!$H$16:$H$20,0)),"") | F9: =IFERROR(INDEX(_h_SimpleLookup_h_!$I$16:$I$20,MATCH(CONCATENATE(INDIRECT("A"&ROW()), "#", INDIRECT("C"&ROW()), "#", INDIRECT("E"&ROW())),_h_SimpleLookup_h_!$H$16:$H$20,0)),"") | H9: =IFERROR(INDEX(_h_SimpleLookup_h_!$I$16:$I$20,MATCH(CONCATENATE(INDIRECT("A"&ROW()), "#", INDIRECT("C"&ROW()), "#", INDIRECT("E"&ROW()), "#", INDIRECT("G"&ROW())),_h_SimpleLookup_h_!$H$16:$H$20,0)),"") | J9: =IFERROR(INDEX(_h_SimpleLookup_h_!$I$16:$I$20,MATCH(CONCATENATE(INDIRECT("A"&ROW()), "#", INDIRECT("C"&ROW()), "#", INDIRECT("E"&ROW()), "#", INDIRECT("G"&ROW()), "#", INDIRECT("I"&ROW())),_h_SimpleLookup_h_!$H$16:$H$20,0)),"") | L9: =IF(K9<>"",IFERROR(VLOOKUP(K9,_h_SimpleLookup_h_!$D$8:$E$13,2,0),""),IF(I9<>"",IFERROR(VLOOKUP(I9,_h_SimpleLookup_h_!$D$8:$E$13,2,0),""),IF(G9<>"",IFERROR(VLOOKUP(G9,_h_SimpleLookup_h_!$D$8:$E$13,2,0),""),IF(E9<>"",IFERROR(VLOOKUP(E9,_h_SimpleLookup_h_!$D$8:$E$13,2,0),""),IF(C9<>"",IFERROR(VLOOKUP(C9,_h_SimpleLookup_h_!$D$8:$E$13,2,0),""),IF(A9<>"",IFERROR(VLOOKUP(A9,_h_SimpleLookup_h_!$D$8:$E$13,2,0),""),"")))))) -> MICROPLAN_MO | M9: HFL1 | N9: 2859768552 | O9: HEALTH_FACILITY_WORKER | T9: =IF(AND(ISBLANK(O9),ISBLANK(P9),ISBLANK(Q9),ISBLANK(R9),ISBLANK(S9)),"",TRIM(CONCATENATE(IF(ISBLANK(O9),"",O9&","),IF(ISBLANK(P9),"",P9&","),IF(ISBLANK(Q9),"",Q9&","),IF(ISBLANK(R9),"",R9&","),IF(ISBLANK(S9),"",S9&",")))) -> HEALTH_FACILITY_WORKER, | U9: Temporary | V9: Active
A10: Nigeria | B10: =IFERROR(INDEX(_h_SimpleLookup_h_!$I$16:$I$20,MATCH(CONCATENATE(INDIRECT("A"&ROW())),_h_SimpleLookup_h_!$H$16:$H$20,0)),"") -> H_04952a0f984dccfa1c401fbe5669c5342059049be3e2bba73dc5a481759b22a9 | C10: Gaza | D10: =IFERROR(INDEX(_h_SimpleLookup_h_!$I$16:$I$20,MATCH(CONCATENATE(INDIRECT("A"&ROW()), "#", INDIRECT("C"&ROW())),_h_SimpleLookup_h_!$H$16:$H$20,0)),"") -> H_3d746386df8e70fc233233a9e10a429bbb45de06e238ef21fcff52d27fd51781 | F10: =IFERROR(INDEX(_h_SimpleLookup_h_!$I$16:$I$20,MATCH(CONCATENATE(INDIRECT("A"&ROW()), "#", INDIRECT("C"&ROW()), "#", INDIRECT("E"&ROW())),_h_SimpleLookup_h_!$H$16:$H$20,0)),"") | H10: =IFERROR(INDEX(_h_SimpleLookup_h_!$I$16:$I$20,MATCH(CONCATENATE(INDIRECT("A"&ROW()), "#", INDIRECT("C"&ROW()), "#", INDIRECT("E"&ROW()), "#", INDIRECT("G"&ROW())),_h_SimpleLookup_h_!$H$16:$H$20,0)),"") | J10: =IFERROR(INDEX(_h_SimpleLookup_h_!$I$16:$I$20,MATCH(CONCATENATE(INDIRECT("A"&ROW()), "#", INDIRECT("C"&ROW()), "#", INDIRECT("E"&ROW()), "#", INDIRECT("G"&ROW()), "#", INDIRECT("I"&ROW())),_h_SimpleLookup_h_!$H$16:$H$20,0)),"") | L10: =IF(K10<>"",IFERROR(VLOOKUP(K10,_h_SimpleLookup_h_!$D$8:$E$13,2,0),""),IF(I10<>"",IFERROR(VLOOKUP(I10,_h_SimpleLookup_h_!$D$8:$E$13,2,0),""),IF(G10<>"",IFERROR(VLOOKUP(G10,_h_SimpleLookup_h_!$D$8:$E$13,2,0),""),IF(E10<>"",IFERROR(VLOOKUP(E10,_h_SimpleLookup_h_!$D$8:$E$13,2,0),""),IF(C10<>"",IFERROR(VLOOKUP(C10,_h_SimpleLookup_h_!$D$8:$E$13,2,0),""),IF(A10<>"",IFERROR(VLOOKUP(A10,_h_SimpleLookup_h_!$D$8:$E$13,2,0),""),"")))))) -> MICROPLAN_MO_05_GAZA_TEST1 | M10: HFL2 | N10: 2859768553 | O10: HEALTH_FACILITY_WORKER | T10: =IF(AND(ISBLANK(O10),ISBLANK(P10),ISBLANK(Q10),ISBLANK(R10),ISBLANK(S10)),"",TRIM(CONCATENATE(IF(ISBLANK(O10),"",O10&","),IF(ISBLANK(P10),"",P10&","),IF(ISBLANK(Q10),"",Q10&","),IF(ISBLANK(R10),"",R10&","),IF(ISBLANK(S10),"",S10&",")))) -> HEALTH_FACILITY_WORKER, | U10: Temporary | V10: Active
A11: Nigeria | B11: =IFERROR(INDEX(_h_SimpleLookup_h_!$I$16:$I$20,MATCH(CONCATENATE(INDIRECT("A"&ROW())),_h_SimpleLookup_h_!$H$16:$H$20,0)),"") -> H_04952a0f984dccfa1c401fbe5669c5342059049be3e2bba73dc5a481759b22a9 | C11: Gaza | D11: =IFERROR(INDEX(_h_SimpleLookup_h_!$I$16:$I$20,MATCH(CONCATENATE(INDIRECT("A"&ROW()), "#", INDIRECT("C"&ROW())),_h_SimpleLookup_h_!$H$16:$H$20,0)),"") -> H_3d746386df8e70fc233233a9e10a429bbb45de06e238ef21fcff52d27fd51781 | E11: Chibuto | F11: =IFERROR(INDEX(_h_SimpleLookup_h_!$I$16:$I$20,MATCH(CONCATENATE(INDIRECT("A"&ROW()), "#", INDIRECT("C"&ROW()), "#", INDIRECT("E"&ROW())),_h_SimpleLookup_h_!$H$16:$H$20,0)),"") -> H_f8225e850582739dca18bbc9f1b87eec4a399a506bac01963630d2d5869939c4 | H11: =IFERROR(INDEX(_h_SimpleLookup_h_!$I$16:$I$20,MATCH(CONCATENATE(INDIRECT("A"&ROW()), "#", INDIRECT("C"&ROW()), "#", INDIRECT("E"&ROW()), "#", INDIRECT("G"&ROW())),_h_SimpleLookup_h_!$H$16:$H$20,0)),"") | J11: =IFERROR(INDEX(_h_SimpleLookup_h_!$I$16:$I$20,MATCH(CONCATENATE(INDIRECT("A"&ROW()), "#", INDIRECT("C"&ROW()), "#", INDIRECT("E"&ROW()), "#", INDIRECT("G"&ROW()), "#", INDIRECT("I"&ROW())),_h_SimpleLookup_h_!$H$16:$H$20,0)),"") | L11: =IF(K11<>"",IFERROR(VLOOKUP(K11,_h_SimpleLookup_h_!$D$8:$E$13,2,0),""),IF(I11<>"",IFERROR(VLOOKUP(I11,_h_SimpleLookup_h_!$D$8:$E$13,2,0),""),IF(G11<>"",IFERROR(VLOOKUP(G11,_h_SimpleLookup_h_!$D$8:$E$13,2,0),""),IF(E11<>"",IFERROR(VLOOKUP(E11,_h_SimpleLookup_h_!$D$8:$E$13,2,0),""),IF(C11<>"",IFERROR(VLOOKUP(C11,_h_SimpleLookup_h_!$D$8:$E$13,2,0),""),IF(A11<>"",IFERROR(VLOOKUP(A11,_h_SimpleLookup_h_!$D$8:$E$13,2,0),""),"")))))) -> MICROPLAN_MO_05_01_CHIBUTO_TEST1 | M11: HFL3 | N11: 2859768554 | O11: HEALTH_FACILITY_WORKER | T11: =IF(AND(ISBLANK(O11),ISBLANK(P11),ISBLANK(Q11),ISBLANK(R11),ISBLANK(S11)),"",TRIM(CONCATENATE(IF(ISBLANK(O11),"",O11&","),IF(ISBLANK(P11),"",P11&","),IF(ISBLANK(Q11),"",Q11&","),IF(ISBLANK(R11),"",R11&","),IF(ISBLANK(S11),"",S11&",")))) -> HEALTH_FACILITY_WORKER, | U11: Temporary | V11: Active
A12: Nigeria | B12: =IFERROR(INDEX(_h_SimpleLookup_h_!$I$16:$I$20,MATCH(CONCATENATE(INDIRECT("A"&ROW())),_h_SimpleLookup_h_!$H$16:$H$20,0)),"") -> H_04952a0f984dccfa1c401fbe5669c5342059049be3e2bba73dc5a481759b22a9 | C12: Gaza | D12: =IFERROR(INDEX(_h_SimpleLookup_h_!$I$16:$I$20,MATCH(CONCATENATE(INDIRECT("A"&ROW()), "#", INDIRECT("C"&ROW())),_h_SimpleLookup_h_!$H$16:$H$20,0)),"") -> H_3d746386df8e70fc233233a9e10a429bbb45de06e238ef21fcff52d27fd51781 | E12: Chibuto | F12: =IFERROR(INDEX(_h_SimpleLookup_h_!$I$16:$I$20,MATCH(CONCATENATE(INDIRECT("A"&ROW()), "#", INDIRECT("C"&ROW()), "#", INDIRECT("E"&ROW())),_h_SimpleLookup_h_!$H$16:$H$20,0)),"") -> H_f8225e850582739dca18bbc9f1b87eec4a399a506bac01963630d2d5869939c4 | G12: Chibutoo | H12: =IFERROR(INDEX(_h_SimpleLookup_h_!$I$16:$I$20,MATCH(CONCATENATE(INDIRECT("A"&ROW()), "#", INDIRECT("C"&ROW()), "#", INDIRECT("E"&ROW()), "#", INDIRECT("G"&ROW())),_h_SimpleLookup_h_!$H$16:$H$20,0)),"") -> H_9de166f1e87c37e01777111aa51a73d37bbe5559df989fc50fad851f9070f447 | J12: =IFERROR(INDEX(_h_SimpleLookup_h_!$I$16:$I$20,MATCH(CONCATENATE(INDIRECT("A"&ROW()), "#", INDIRECT("C"&ROW()), "#", INDIRECT("E"&ROW()), "#", INDIRECT("G"&ROW()), "#", INDIRECT("I"&ROW())),_h_SimpleLookup_h_!$H$16:$H$20,0)),"") | L12: =IF(K12<>"",IFERROR(VLOOKUP(K12,_h_SimpleLookup_h_!$D$8:$E$13,2,0),""),IF(I12<>"",IFERROR(VLOOKUP(I12,_h_SimpleLookup_h_!$D$8:$E$13,2,0),""),IF(G12<>"",IFERROR(VLOOKUP(G12,_h_SimpleLookup_h_!$D$8:$E$13,2,0),""),IF(E12<>"",IFERROR(VLOOKUP(E12,_h_SimpleLookup_h_!$D$8:$E$13,2,0),""),IF(C12<>"",IFERROR(VLOOKUP(C12,_h_SimpleLookup_h_!$D$8:$E$13,2,0),""),IF(A12<>"",IFERROR(VLOOKUP(A12,_h_SimpleLookup_h_!$D$8:$E$13,2,0),""),"")))))) -> MICROPLAN_MO_05_01_01_CHIBUTOO_TEST1 | M12: HFL4 | N12: 2859768555 | O12: HEALTH_FACILITY_WORKER | T12: =IF(AND(ISBLANK(O12),ISBLANK(P12),ISBLANK(Q12),ISBLANK(R12),ISBLANK(S12)),"",TRIM(CONCATENATE(IF(ISBLANK(O12),"",O12&","),IF(ISBLANK(P12),"",P12&","),IF(ISBLANK(Q12),"",Q12&","),IF(ISBLANK(R12),"",R12&","),IF(ISBLANK(S12),"",S12&",")))) -> HEALTH_FACILITY_WORKER, | U12: Temporary | V12: Active
A13: Nigeria | B13: =IFERROR(INDEX(_h_SimpleLookup_h_!$I$16:$I$20,MATCH(CONCATENATE(INDIRECT("A"&ROW())),_h_SimpleLookup_h_!$H$16:$H$20,0)),"") -> H_04952a0f984dccfa1c401fbe5669c5342059049be3e2bba73dc5a481759b22a9 | C13: Gaza | D13: =IFERROR(INDEX(_h_SimpleLookup_h_!$I$16:$I$20,MATCH(CONCATENATE(INDIRECT("A"&ROW()), "#", INDIRECT("C"&ROW())),_h_SimpleLookup_h_!$H$16:$H$20,0)),"") -> H_3d746386df8e70fc233233a9e10a429bbb45de06e238ef21fcff52d27fd51781 | E13: Chibuto | F13: =IFERROR(INDEX(_h_SimpleLookup_h_!$I$16:$I$20,MATCH(CONCATENATE(INDIRECT("A"&ROW()), "#", INDIRECT("C"&ROW()), "#", INDIRECT("E"&ROW())),_h_SimpleLookup_h_!$H$16:$H$20,0)),"") -> H_f8225e850582739dca18bbc9f1b87eec4a399a506bac01963630d2d5869939c4 | G13: Chibutoo | H13: =IFERROR(INDEX(_h_SimpleLookup_h_!$I$16:$I$20,MATCH(CONCATENATE(INDIRECT("A"&ROW()), "#", INDIRECT("C"&ROW()), "#", INDIRECT("E"&ROW()), "#", INDIRECT("G"&ROW())),_h_SimpleLookup_h_!$H$16:$H$20,0)),"") -> H_9de166f1e87c37e01777111aa51a73d37bbe5559df989fc50fad851f9070f447 | I13: Chibuto Sede | J13: =IFERROR(INDEX(_h_SimpleLookup_h_!$I$16:$I$20,MATCH(CONCATENATE(INDIRECT("A"&ROW()), "#", INDIRECT("C"&ROW()), "#", INDIRECT("E"&ROW()), "#", INDIRECT("G"&ROW()), "#", INDIRECT("I"&ROW())),_h_SimpleLookup_h_!$H$16:$H$20,0)),"") -> H_e9c3596c6f157c143621a34465e5390d1264415e6840e00130c0b1805b8f179c | L13: =IF(K13<>"",IFERROR(VLOOKUP(K13,_h_SimpleLookup_h_!$D$8:$E$13,2,0),""),IF(I13<>"",IFERROR(VLOOKUP(I13,_h_SimpleLookup_h_!$D$8:$E$13,2,0),""),IF(G13<>"",IFERROR(VLOOKUP(G13,_h_SimpleLookup_h_!$D$8:$E$13,2,0),""),IF(E13<>"",IFERROR(VLOOKUP(E13,_h_SimpleLookup_h_!$D$8:$E$13,2,0),""),IF(C13<>"",IFERROR(VLOOKUP(C13,_h_SimpleLookup_h_!$D$8:$E$13,2,0),""),IF(A13<>"",IFERROR(VLOOKUP(A13,_h_SimpleLookup_h_!$D$8:$E$13,2,0),""),"")))))) -> MICROPLAN_MO_05_01_01_01_CHIBUTO_SEDE_TEST1 | M13: HFL5 | N13: 2859768556 | O13: HEALTH_FACILITY_WORKER | T13: =IF(AND(ISBLANK(O13),ISBLANK(P13),ISBLANK(Q13),ISBLANK(R13),ISBLANK(S13)),"",TRIM(CONCATENATE(IF(ISBLANK(O13),"",O13&","),IF(ISBLANK(P13),"",P13&","),IF(ISBLANK(Q13),"",Q13&","),IF(ISBLANK(R13),"",R13&","),IF(ISBLANK(S13),"",S13&",")))) -> HEALTH_FACILITY_WORKER, | U13: Temporary | V13: Active
A14: Nigeria | B14: =IFERROR(INDEX(_h_SimpleLookup_h_!$I$16:$I$20,MATCH(CONCATENATE(INDIRECT("A"&ROW())),_h_SimpleLookup_h_!$H$16:$H$20,0)),"") -> H_04952a0f984dccfa1c401fbe5669c5342059049be3e2bba73dc5a481759b22a9 | C14: Gaza | D14: =IFERROR(INDEX(_h_SimpleLookup_h_!$I$16:$I$20,MATCH(CONCATENATE(INDIRECT("A"&ROW()), "#", INDIRECT("C"&ROW())),_h_SimpleLookup_h_!$H$16:$H$20,0)),"") -> H_3d746386df8e70fc233233a9e10a429bbb45de06e238ef21fcff52d27fd51781 | E14: Chibuto | F14: =IFERROR(INDEX(_h_SimpleLookup_h_!$I$16:$I$20,MATCH(CONCATENATE(INDIRECT("A"&ROW()), "#", INDIRECT("C"&ROW()), "#", INDIRECT("E"&ROW())),_h_SimpleLookup_h_!$H$16:$H$20,0)),"") -> H_f8225e850582739dca18bbc9f1b87eec4a399a506bac01963630d2d5869939c4 | G14: Chibutoo | H14: =IFERROR(INDEX(_h_SimpleLookup_h_!$I$16:$I$20,MATCH(CONCATENATE(INDIRECT("A"&ROW()), "#", INDIRECT("C"&ROW()), "#", INDIRECT("E"&ROW()), "#", INDIRECT("G"&ROW())),_h_SimpleLookup_h_!$H$16:$H$20,0)),"") -> H_9de166f1e87c37e01777111aa51a73d37bbe5559df989fc50fad851f9070f447 | I14: Chibuto Sede | J14: =IFERROR(INDEX(_h_SimpleLookup_h_!$I$16:$I$20,MATCH(CONCATENATE(INDIRECT("A"&ROW()), "#", INDIRECT("C"&ROW()), "#", INDIRECT("E"&ROW()), "#", INDIRECT("G"&ROW()), "#", INDIRECT("I"&ROW())),_h_SimpleLookup_h_!$H$16:$H$20,0)),"") -> H_e9c3596c6f157c143621a34465e5390d1264415e6840e00130c0b1805b8f179c | K14: Mapa | L14: =IF(K14<>"",IFERROR(VLOOKUP(K14,_h_SimpleLookup_h_!$D$8:$E$13,2,0),""),IF(I14<>"",IFERROR(VLOOKUP(I14,_h_SimpleLookup_h_!$D$8:$E$13,2,0),""),IF(G14<>"",IFERROR(VLOOKUP(G14,_h_SimpleLookup_h_!$D$8:$E$13,2,0),""),IF(E14<>"",IFERROR(VLOOKUP(E14,_h_SimpleLookup_h_!$D$8:$E$13,2,0),""),IF(C14<>"",IFERROR(VLOOKUP(C14,_h_SimpleLookup_h_!$D$8:$E$13,2,0),""),IF(A14<>"",IFERROR(VLOOKUP(A14,_h_SimpleLookup_h_!$D$8:$E$13,2,0),""),"")))))) -> MICROPLAN_MO_05_01_01_01_01_MAPA_TEST1 | M14: HFL6 | N14: 2859768557 | O14: HEALTH_FACILITY_WORKER | T14: =IF(AND(ISBLANK(O14),ISBLANK(P14),ISBLANK(Q14),ISBLANK(R14),ISBLANK(S14)),"",TRIM(CONCATENATE(IF(ISBLANK(O14),"",O14&","),IF(ISBLANK(P14),"",P14&","),IF(ISBLANK(Q14),"",Q14&","),IF(ISBLANK(R14),"",R14&","),IF(ISBLANK(S14),"",S14&",")))) -> HEALTH_FACILITY_WORKER, | U14: Temporary | V14: Active
A15: Nigeria | B15: =IFERROR(INDEX(_h_SimpleLookup_h_!$I$16:$I$20,MATCH(CONCATENATE(INDIRECT("A"&ROW())),_h_SimpleLookup_h_!$H$16:$H$20,0)),"") -> H_04952a0f984dccfa1c401fbe5669c5342059049be3e2bba73dc5a481759b22a9 | D15: =IFERROR(INDEX(_h_SimpleLookup_h_!$I$16:$I$20,MATCH(CONCATENATE(INDIRECT("A"&ROW()), "#", INDIRECT("C"&ROW())),_h_SimpleLookup_h_!$H$16:$H$20,0)),"") | F15: =IFERROR(INDEX(_h_SimpleLookup_h_!$I$16:$I$20,MATCH(CONCATENATE(INDIRECT("A"&ROW()), "#", INDIRECT("C"&ROW()), "#", INDIRECT("E"&ROW())),_h_SimpleLookup_h_!$H$16:$H$20,0)),"") | H15: =IFERROR(INDEX(_h_SimpleLookup_h_!$I$16:$I$20,MATCH(CONCATENATE(INDIRECT("A"&ROW()), "#", INDIRECT("C"&ROW()), "#", INDIRECT("E"&ROW()), "#", INDIRECT("G"&ROW())),_h_SimpleLookup_h_!$H$16:$H$20,0)),"") | J15: =IFERROR(INDEX(_h_SimpleLookup_h_!$I$16:$I$20,MATCH(CONCATENATE(INDIRECT("A"&ROW()), "#", INDIRECT("C"&ROW()), "#", INDIRECT("E"&ROW()), "#", INDIRECT("G"&ROW()), "#", INDIRECT("I"&ROW())),_h_SimpleLookup_h_!$H$16:$H$20,0)),"") | L15: =IF(K15<>"",IFERROR(VLOOKUP(K15,_h_SimpleLookup_h_!$D$8:$E$13,2,0),""),IF(I15<>"",IFERROR(VLOOKUP(I15,_h_SimpleLookup_h_!$D$8:$E$13,2,0),""),IF(G15<>"",IFERROR(VLOOKUP(G15,_h_SimpleLookup_h_!$D$8:$E$13,2,0),""),IF(E15<>"",IFERROR(VLOOKUP(E15,_h_SimpleLookup_h_!$D$8:$E$13,2,0),""),IF(C15<>"",IFERROR(VLOOKUP(C15,_h_SimpleLookup_h_!$D$8:$E$13,2,0),""),IF(A15<>"",IFERROR(VLOOKUP(A15,_h_SimpleLookup_h_!$D$8:$E$13,2,0),""),"")))))) -> MICROPLAN_MO | M15: WML1 | N15: 2859768558 | O15: WAREHOUSE_MANAGER | T15: =IF(AND(ISBLANK(O15),ISBLANK(P15),ISBLANK(Q15),ISBLANK(R15),ISBLANK(S15)),"",TRIM(CONCATENATE(IF(ISBLANK(O15),"",O15&","),IF(ISBLANK(P15),"",P15&","),IF(ISBLANK(Q15),"",Q15&","),IF(ISBLANK(R15),"",R15&","),IF(ISBLANK(S15),"",S15&",")))) -> WAREHOUSE_MANAGER, | U15: Temporary | V15: Active
A16: Nigeria | B16: =IFERROR(INDEX(_h_SimpleLookup_h_!$I$16:$I$20,MATCH(CONCATENATE(INDIRECT("A"&ROW())),_h_SimpleLookup_h_!$H$16:$H$20,0)),"") -> H_04952a0f984dccfa1c401fbe5669c5342059049be3e2bba73dc5a481759b22a9 | C16: Gaza | D16: =IFERROR(INDEX(_h_SimpleLookup_h_!$I$16:$I$20,MATCH(CONCATENATE(INDIRECT("A"&ROW()), "#", INDIRECT("C"&ROW())),_h_SimpleLookup_h_!$H$16:$H$20,0)),"") -> H_3d746386df8e70fc233233a9e10a429bbb45de06e238ef21fcff52d27fd51781 | F16: =IFERROR(INDEX(_h_SimpleLookup_h_!$I$16:$I$20,MATCH(CONCATENATE(INDIRECT("A"&ROW()), "#", INDIRECT("C"&ROW()), "#", INDIRECT("E"&ROW())),_h_SimpleLookup_h_!$H$16:$H$20,0)),"") | H16: =IFERROR(INDEX(_h_SimpleLookup_h_!$I$16:$I$20,MATCH(CONCATENATE(INDIRECT("A"&ROW()), "#", INDIRECT("C"&ROW()), "#", INDIRECT("E"&ROW()), "#", INDIRECT("G"&ROW())),_h_SimpleLookup_h_!$H$16:$H$20,0)),"") | J16: =IFERROR(INDEX(_h_SimpleLookup_h_!$I$16:$I$20,MATCH(CONCATENATE(INDIRECT("A"&ROW()), "#", INDIRECT("C"&ROW()), "#", INDIRECT("E"&ROW()), "#", INDIRECT("G"&ROW()), "#", INDIRECT("I"&ROW())),_h_SimpleLookup_h_!$H$16:$H$20,0)),"") | L16: =IF(K16<>"",IFERROR(VLOOKUP(K16,_h_SimpleLookup_h_!$D$8:$E$13,2,0),""),IF(I16<>"",IFERROR(VLOOKUP(I16,_h_SimpleLookup_h_!$D$8:$E$13,2,0),""),IF(G16<>"",IFERROR(VLOOKUP(G16,_h_SimpleLookup_h_!$D$8:$E$13,2,0),""),IF(E16<>"",IFERROR(VLOOKUP(E16,_h_SimpleLookup_h_!$D$8:$E$13,2,0),""),IF(C16<>"",IFERROR(VLOOKUP(C16,_h_SimpleLookup_h_!$D$8:$E$13,2,0),""),IF(A16<>"",IFERROR(VLOOKUP(A16,_h_SimpleLookup_h_!$D$8:$E$13,2,0),""),"")))))) -> MICROPLAN_MO_05_GAZA_TEST1 | M16: WML2 | N16: 2859768559 | O16: WAREHOUSE_MANAGER | T16: =IF(AND(ISBLANK(O16),ISBLANK(P16),ISBLANK(Q16),ISBLANK(R16),ISBLANK(S16)),"",TRIM(CONCATENATE(IF(ISBLANK(O16),"",O16&","),IF(ISBLANK(P16),"",P16&","),IF(ISBLANK(Q16),"",Q16&","),IF(ISBLANK(R16),"",R16&","),IF(ISBLANK(S16),"",S16&",")))) -> WAREHOUSE_MANAGER, | U16: Temporary | V16: Active
A17: Nigeria | B17: =IFERROR(INDEX(_h_SimpleLookup_h_!$I$16:$I$20,MATCH(CONCATENATE(INDIRECT("A"&ROW())),_h_SimpleLookup_h_!$H$16:$H$20,0)),"") -> H_04952a0f984dccfa1c401fbe5669c5342059049be3e2bba73dc5a481759b22a9 | C17: Gaza | D17: =IFERROR(INDEX(_h_SimpleLookup_h_!$I$16:$I$20,MATCH(CONCATENATE(INDIRECT("A"&ROW()), "#", INDIRECT("C"&ROW())),_h_SimpleLookup_h_!$H$16:$H$20,0)),"") -> H_3d746386df8e70fc233233a9e10a429bbb45de06e238ef21fcff52d27fd51781 | E17: Chibuto | F17: =IFERROR(INDEX(_h_SimpleLookup_h_!$I$16:$I$20,MATCH(CONCATENATE(INDIRECT("A"&ROW()), "#", INDIRECT("C"&ROW()), "#", INDIRECT("E"&ROW())),_h_SimpleLookup_h_!$H$16:$H$20,0)),"") -> H_f8225e850582739dca18bbc9f1b87eec4a399a506bac01963630d2d5869939c4 | H17: =IFERROR(INDEX(_h_SimpleLookup_h_!$I$16:$I$20,MATCH(CONCATENATE(INDIRECT("A"&ROW()), "#", INDIRECT("C"&ROW()), "#", INDIRECT("E"&ROW()), "#", INDIRECT("G"&ROW())),_h_SimpleLookup_h_!$H$16:$H$20,0)),"") | J17: =IFERROR(INDEX(_h_SimpleLookup_h_!$I$16:$I$20,MATCH(CONCATENATE(INDIRECT("A"&ROW()), "#", INDIRECT("C"&ROW()), "#", INDIRECT("E"&ROW()), "#", INDIRECT("G"&ROW()), "#", INDIRECT("I"&ROW())),_h_SimpleLookup_h_!$H$16:$H$20,0)),"") | L17: =IF(K17<>"",IFERROR(VLOOKUP(K17,_h_SimpleLookup_h_!$D$8:$E$13,2,0),""),IF(I17<>"",IFERROR(VLOOKUP(I17,_h_SimpleLookup_h_!$D$8:$E$13,2,0),""),IF(G17<>"",IFERROR(VLOOKUP(G17,_h_SimpleLookup_h_!$D$8:$E$13,2,0),""),IF(E17<>"",IFERROR(VLOOKUP(E17,_h_SimpleLookup_h_!$D$8:$E$13,2,0),""),IF(C17<>"",IFERROR(VLOOKUP(C17,_h_SimpleLookup_h_!$D$8:$E$13,2,0),""),IF(A17<>"",IFERROR(VLOOKUP(A17,_h_SimpleLookup_h_!$D$8:$E$13,2,0),""),"")))))) -> MICROPLAN_MO_05_01_CHIBUTO_TEST1 | M17: WML3 | N17: 2859768560 | O17: WAREHOUSE_MANAGER | T17: =IF(AND(ISBLANK(O17),ISBLANK(P17),ISBLANK(Q17),ISBLANK(R17),ISBLANK(S17)),"",TRIM(CONCATENATE(IF(ISBLANK(O17),"",O17&","),IF(ISBLANK(P17),"",P17&","),IF(ISBLANK(Q17),"",Q17&","),IF(ISBLANK(R17),"",R17&","),IF(ISBLANK(S17),"",S17&",")))) -> WAREHOUSE_MANAGER, | U17: Temporary | V17: Active
A18: Nigeria | B18: =IFERROR(INDEX(_h_SimpleLookup_h_!$I$16:$I$20,MATCH(CONCATENATE(INDIRECT("A"&ROW())),_h_SimpleLookup_h_!$H$16:$H$20,0)),"") -> H_04952a0f984dccfa1c401fbe5669c5342059049be3e2bba73dc5a481759b22a9 | C18: Gaza | D18: =IFERROR(INDEX(_h_SimpleLookup_h_!$I$16:$I$20,MATCH(CONCATENATE(INDIRECT("A"&ROW()), "#", INDIRECT("C"&ROW())),_h_SimpleLookup_h_!$H$16:$H$20,0)),"") -> H_3d746386df8e70fc233233a9e10a429bbb45de06e238ef21fcff52d27fd51781 | E18: Chibuto | F18: =IFERROR(INDEX(_h_SimpleLookup_h_!$I$16:$I$20,MATCH(CONCATENATE(INDIRECT("A"&ROW()), "#", INDIRECT("C"&ROW()), "#", INDIRECT("E"&ROW())),_h_SimpleLookup_h_!$H$16:$H$20,0)),"") -> H_f8225e850582739dca18bbc9f1b87eec4a399a506bac01963630d2d5869939c4 | G18: Chibutoo | H18: =IFERROR(INDEX(_h_SimpleLookup_h_!$I$16:$I$20,MATCH(CONCATENATE(INDIRECT("A"&ROW()), "#", INDIRECT("C"&ROW()), "#", INDIRECT("E"&ROW()), "#", INDIRECT("G"&ROW())),_h_SimpleLookup_h_!$H$16:$H$20,0)),"") -> H_9de166f1e87c37e01777111aa51a73d37bbe5559df989fc50fad851f9070f447 | J18: =IFERROR(INDEX(_h_SimpleLookup_h_!$I$16:$I$20,MATCH(CONCATENATE(INDIRECT("A"&ROW()), "#", INDIRECT("C"&ROW()), "#", INDIRECT("E"&ROW()), "#", INDIRECT("G"&ROW()), "#", INDIRECT("I"&ROW())),_h_SimpleLookup_h_!$H$16:$H$20,0)),"") | L18: =IF(K18<>"",IFERROR(VLOOKUP(K18,_h_SimpleLookup_h_!$D$8:$E$13,2,0),""),IF(I18<>"",IFERROR(VLOOKUP(I18,_h_SimpleLookup_h_!$D$8:$E$13,2,0),""),IF(G18<>"",IFERROR(VLOOKUP(G18,_h_SimpleLookup_h_!$D$8:$E$13,2,0),""),IF(E18<>"",IFERROR(VLOOKUP(E18,_h_SimpleLookup_h_!$D$8:$E$13,2,0),""),IF(C18<>"",IFERROR(VLOOKUP(C18,_h_SimpleLookup_h_!$D$8:$E$13,2,0),""),IF(A18<>"",IFERROR(VLOOKUP(A18,_h_SimpleLookup_h_!$D$8:$E$13,2,0),""),"")))))) -> MICROPLAN_MO_05_01_01_CHIBUTOO_TEST1 | M18: WML4 | N18: 2859768561 | O18: WAREHOUSE_MANAGER | T18: =IF(AND(ISBLANK(O18),ISBLANK(P18),ISBLANK(Q18),ISBLANK(R18),ISBLANK(S18)),"",TRIM(CONCATENATE(IF(ISBLANK(O18),"",O18&","),IF(ISBLANK(P18),"",P18&","),IF(ISBLANK(Q18),"",Q18&","),IF(ISBLANK(R18),"",R18&","),IF(ISBLANK(S18),"",S18&",")))) -> WAREHOUSE_MANAGER, | U18: Temporary | V18: Active
A19: Nigeria | B19: =IFERROR(INDEX(_h_SimpleLookup_h_!$I$16:$I$20,MATCH(CONCATENATE(INDIRECT("A"&ROW())),_h_SimpleLookup_h_!$H$16:$H$20,0)),"") -> H_04952a0f984dccfa1c401fbe5669c5342059049be3e2bba73dc5a481759b22a9 | C19: Gaza | D19: =IFERROR(INDEX(_h_SimpleLookup_h_!$I$16:$I$20,MATCH(CONCATENATE(INDIRECT("A"&ROW()), "#", INDIRECT("C"&ROW())),_h_SimpleLookup_h_!$H$16:$H$20,0)),"") -> H_3d746386df8e70fc233233a9e10a429bbb45de06e238ef21fcff52d27fd51781 | E19: Chibuto | F19: =IFERROR(INDEX(_h_SimpleLookup_h_!$I$16:$I$20,MATCH(CONCATENATE(INDIRECT("A"&ROW()), "#", INDIRECT("C"&ROW()), "#", INDIRECT("E"&ROW())),_h_SimpleLookup_h_!$H$16:$H$20,0)),"") -> H_f8225e850582739dca18bbc9f1b87eec4a399a506bac01963630d2d5869939c4 | G19: Chibutoo | H19: =IFERROR(INDEX(_h_SimpleLookup_h_!$I$16:$I$20,MATCH(CONCATENATE(INDIRECT("A"&ROW()), "#", INDIRECT("C"&ROW()), "#", INDIRECT("E"&ROW()), "#", INDIRECT("G"&ROW())),_h_SimpleLookup_h_!$H$16:$H$20,0)),"") -> H_9de166f1e87c37e01777111aa51a73d37bbe5559df989fc50fad851f9070f447 | I19: Chibuto Sede | J19: =IFERROR(INDEX(_h_SimpleLookup_h_!$I$16:$I$20,MATCH(CONCATENATE(INDIRECT("A"&ROW()), "#", INDIRECT("C"&ROW()), "#", INDIRECT("E"&ROW()), "#", INDIRECT("G"&ROW()), "#", INDIRECT("I"&ROW())),_h_SimpleLookup_h_!$H$16:$H$20,0)),"") -> H_e9c3596c6f157c143621a34465e5390d1264415e6840e00130c0b1805b8f179c | L19: =IF(K19<>"",IFERROR(VLOOKUP(K19,_h_SimpleLookup_h_!$D$8:$E$13,2,0),""),IF(I19<>"",IFERROR(VLOOKUP(I19,_h_SimpleLookup_h_!$D$8:$E$13,2,0),""),IF(G19<>"",IFERROR(VLOOKUP(G19,_h_SimpleLookup_h_!$D$8:$E$13,2,0),""),IF(E19<>"",IFERROR(VLOOKUP(E19,_h_SimpleLookup_h_!$D$8:$E$13,2,0),""),IF(C19<>"",IFERROR(VLOOKUP(C19,_h_SimpleLookup_h_!$D$8:$E$13,2,0),""),IF(A19<>"",IFERROR(VLOOKUP(A19,_h_SimpleLookup_h_!$D$8:$E$13,2,0),""),"")))))) -> MICROPLAN_MO_05_01_01_01_CHIBUTO_SEDE_TEST1 | M19: WML5 | N19: 2859768562 | O19: WAREHOUSE_MANAGER | T19: =IF(AND(ISBLANK(O19),ISBLANK(P19),ISBLANK(Q19),ISBLANK(R19),ISBLANK(S19)),"",TRIM(CONCATENATE(IF(ISBLANK(O19),"",O19&","),IF(ISBLANK(P19),"",P19&","),IF(ISBLANK(Q19),"",Q19&","),IF(ISBLANK(R19),"",R19&","),IF(ISBLANK(S19),"",S19&",")))) -> WAREHOUSE_MANAGER, | U19: Temporary | V19: Active
A20: Nigeria | B20: =IFERROR(INDEX(_h_SimpleLookup_h_!$I$16:$I$20,MATCH(CONCATENATE(INDIRECT("A"&ROW())),_h_SimpleLookup_h_!$H$16:$H$20,0)),"") -> H_04952a0f984dccfa1c401fbe5669c5342059049be3e2bba73dc5a481759b22a9 | C20: Gaza | D20: =IFERROR(INDEX(_h_SimpleLookup_h_!$I$16:$I$20,MATCH(CONCATENATE(INDIRECT("A"&ROW()), "#", INDIRECT("C"&ROW())),_h_SimpleLookup_h_!$H$16:$H$20,0)),"") -> H_3d746386df8e70fc233233a9e10a429bbb45de06e238ef21fcff52d27fd51781 | E20: Chibuto | F20: =IFERROR(INDEX(_h_SimpleLookup_h_!$I$16:$I$20,MATCH(CONCATENATE(INDIRECT("A"&ROW()), "#", INDIRECT("C"&ROW()), "#", INDIRECT("E"&ROW())),_h_SimpleLookup_h_!$H$16:$H$20,0)),"") -> H_f8225e850582739dca18bbc9f1b87eec4a399a506bac01963630d2d5869939c4 | G20: Chibutoo | H20: =IFERROR(INDEX(_h_SimpleLookup_h_!$I$16:$I$20,MATCH(CONCATENATE(INDIRECT("A"&ROW()), "#", INDIRECT("C"&ROW()), "#", INDIRECT("E"&ROW()), "#", INDIRECT("G"&ROW())),_h_SimpleLookup_h_!$H$16:$H$20,0)),"") -> H_9de166f1e87c37e01777111aa51a73d37bbe5559df989fc50fad851f9070f447 | I20: Chibuto Sede | J20: =IFERROR(INDEX(_h_SimpleLookup_h_!$I$16:$I$20,MATCH(CONCATENATE(INDIRECT("A"&ROW()), "#", INDIRECT("C"&ROW()), "#", INDIRECT("E"&ROW()), "#", INDIRECT("G"&ROW()), "#", INDIRECT("I"&ROW())),_h_SimpleLookup_h_!$H$16:$H$20,0)),"") -> H_e9c3596c6f157c143621a34465e5390d1264415e6840e00130c0b1805b8f179c | K20: Mapa | L20: =IF(K20<>"",IFERROR(VLOOKUP(K20,_h_SimpleLookup_h_!$D$8:$E$13,2,0),""),IF(I20<>"",IFERROR(VLOOKUP(I20,_h_SimpleLookup_h_!$D$8:$E$13,2,0),""),IF(G20<>"",IFERROR(VLOOKUP(G20,_h_SimpleLookup_h_!$D$8:$E$13,2,0),""),IF(E20<>"",IFERROR(VLOOKUP(E20,_h_SimpleLookup_h_!$D$8:$E$13,2,0),""),IF(C20<>"",IFERROR(VLOOKUP(C20,_h_SimpleLookup_h_!$D$8:$E$13,2,0),""),IF(A20<>"",IFERROR(VLOOKUP(A20,_h_SimpleLookup_h_!$D$8:$E$13,2,0),""),"")))))) -> MICROPLAN_MO_05_01_01_01_01_MAPA_TEST1 | M20: WML6 | N20: 2859768563 | O20: WAREHOUSE_MANAGER | T20: =IF(AND(ISBLANK(O20),ISBLANK(P20),ISBLANK(Q20),ISBLANK(R20),ISBLANK(S20)),"",TRIM(CONCATENATE(IF(ISBLANK(O20),"",O20&","),IF(ISBLANK(P20),"",P20&","),IF(ISBLANK(Q20),"",Q20&","),IF(ISBLANK(R20),"",R20&","),IF(ISBLANK(S20),"",S20&",")))) -> WAREHOUSE_MANAGER, | U20: Temporary | V20: Active
A21: Nigeria | B21: =IFERROR(INDEX(_h_SimpleLookup_h_!$I$16:$I$20,MATCH(CONCATENATE(INDIRECT("A"&ROW())),_h_SimpleLookup_h_!$H$16:$H$20,0)),"") -> H_04952a0f984dccfa1c401fbe5669c5342059049be3e2bba73dc5a481759b22a9 | D21: =IFERROR(INDEX(_h_SimpleLookup_h_!$I$16:$I$20,MATCH(CONCATENATE(INDIRECT("A"&ROW()), "#", INDIRECT("C"&ROW())),_h_SimpleLookup_h_!$H$16:$H$20,0)),"") | F21: =IFERROR(INDEX(_h_SimpleLookup_h_!$I$16:$I$20,MATCH(CONCATENATE(INDIRECT("A"&ROW()), "#", INDIRECT("C"&ROW()), "#", INDIRECT("E"&ROW())),_h_SimpleLookup_h_!$H$16:$H$20,0)),"") | H21: =IFERROR(INDEX(_h_SimpleLookup_h_!$I$16:$I$20,MATCH(CONCATENATE(INDIRECT("A"&ROW()), "#", INDIRECT("C"&ROW()), "#", INDIRECT("E"&ROW()), "#", INDIRECT("G"&ROW())),_h_SimpleLookup_h_!$H$16:$H$20,0)),"") | J21: =IFERROR(INDEX(_h_SimpleLookup_h_!$I$16:$I$20,MATCH(CONCATENATE(INDIRECT("A"&ROW()), "#", INDIRECT("C"&ROW()), "#", INDIRECT("E"&ROW()), "#", INDIRECT("G"&ROW()), "#", INDIRECT("I"&ROW())),_h_SimpleLookup_h_!$H$16:$H$20,0)),"") | L21: =IF(K21<>"",IFERROR(VLOOKUP(K21,_h_SimpleLookup_h_!$D$8:$E$13,2,0),""),IF(I21<>"",IFERROR(VLOOKUP(I21,_h_SimpleLookup_h_!$D$8:$E$13,2,0),""),IF(G21<>"",IFERROR(VLOOKUP(G21,_h_SimpleLookup_h_!$D$8:$E$13,2,0),""),IF(E21<>"",IFERROR(VLOOKUP(E21,_h_SimpleLookup_h_!$D$8:$E$13,2,0),""),IF(C21<>"",IFERROR(VLOOKUP(C21,_h_SimpleLookup_h_!$D$8:$E$13,2,0),""),IF(A21<>"",IFERROR(VLOOKUP(A21,_h_SimpleLookup_h_!$D$8:$E$13,2,0),""),"")))))) -> MICROPLAN_MO | M21: NS | N21: 2859768564 | O21: NATIONAL_SUPERVISOR | P21: DASHBOARD_VIEWER | T21: =IF(AND(ISBLANK(O21),ISBLANK(P21),ISBLANK(Q21),ISBLANK(R21),ISBLANK(S21)),"",TRIM(CONCATENATE(IF(ISBLANK(O21),"",O21&","),IF(ISBLANK(P21),"",P21&","),IF(ISBLANK(Q21),"",Q21&","),IF(ISBLANK(R21),"",R21&","),IF(ISBLANK(S21),"",S21&",")))) -> NATIONAL_SUPERVISOR,DASHBOARD_VIEWER, | U21: Temporary | V21: Active
A22: Nigeria | B22: =IFERROR(INDEX(_h_SimpleLookup_h_!$I$16:$I$20,MATCH(CONCATENATE(INDIRECT("A"&ROW())),_h_SimpleLookup_h_!$H$16:$H$20,0)),"") -> H_04952a0f984dccfa1c401fbe5669c5342059049be3e2bba73dc5a481759b22a9 | C22: Gaza | D22: =IFERROR(INDEX(_h_SimpleLookup_h_!$I$16:$I$20,MATCH(CONCATENATE(INDIRECT("A"&ROW()), "#", INDIRECT("C"&ROW())),_h_SimpleLookup_h_!$H$16:$H$20,0)),"") -> H_3d746386df8e70fc233233a9e10a429bbb45de06e238ef21fcff52d27fd51781 | F22: =IFERROR(INDEX(_h_SimpleLookup_h_!$I$16:$I$20,MATCH(CONCATENATE(INDIRECT("A"&ROW()), "#", INDIRECT("C"&ROW()), "#", INDIRECT("E"&ROW())),_h_SimpleLookup_h_!$H$16:$H$20,0)),"") | H22: =IFERROR(INDEX(_h_SimpleLookup_h_!$I$16:$I$20,MATCH(CONCATENATE(INDIRECT("A"&ROW()), "#", INDIRECT("C"&ROW()), "#", INDIRECT("E"&ROW()), "#", INDIRECT("G"&ROW())),_h_SimpleLookup_h_!$H$16:$H$20,0)),"") | J22: =IFERROR(INDEX(_h_SimpleLookup_h_!$I$16:$I$20,MATCH(CONCATENATE(INDIRECT("A"&ROW()), "#", INDIRECT("C"&ROW()), "#", INDIRECT("E"&ROW()), "#", INDIRECT("G"&ROW()), "#", INDIRECT("I"&ROW())),_h_SimpleLookup_h_!$H$16:$H$20,0)),"") | L22: =IF(K22<>"",IFERROR(VLOOKUP(K22,_h_SimpleLookup_h_!$D$8:$E$13,2,0),""),IF(I22<>"",IFERROR(VLOOKUP(I22,_h_SimpleLookup_h_!$D$8:$E$13,2,0),""),IF(G22<>"",IFERROR(VLOOKUP(G22,_h_SimpleLookup_h_!$D$8:$E$13,2,0),""),IF(E22<>"",IFERROR(VLOOKUP(E22,_h_SimpleLookup_h_!$D$8:$E$13,2,0),""),IF(C22<>"",IFERROR(VLOOKUP(C22,_h_SimpleLookup_h_!$D$8:$E$13,2,0),""),IF(A22<>"",IFERROR(VLOOKUP(A22,_h_SimpleLookup_h_!$D$8:$E$13,2,0),""),"")))))) -> MICROPLAN_MO_05_GAZA_TEST1 | M22: PS | N22: 2859768565 | O22: PROVINCIAL_SUPERVISOR | P22: DASHBOARD_VIEWER | T22: =IF(AND(ISBLANK(O22),ISBLANK(P22),ISBLANK(Q22),ISBLANK(R22),ISBLANK(S22)),"",TRIM(CONCATENATE(IF(ISBLANK(O22),"",O22&","),IF(ISBLANK(P22),"",P22&","),IF(ISBLANK(Q22),"",Q22&","),IF(ISBLANK(R22),"",R22&","),IF(ISBLANK(S22),"",S22&",")))) -> PROVINCIAL_SUPERVISOR,DASHBOARD_VIEWER, | U22: Temporary | V22: Active
A23: Nigeria | B23: =IFERROR(INDEX(_h_SimpleLookup_h_!$I$16:$I$20,MATCH(CONCATENATE(INDIRECT("A"&ROW())),_h_SimpleLookup_h_!$H$16:$H$20,0)),"") -> H_04952a0f984dccfa1c401fbe5669c5342059049be3e2bba73dc5a481759b22a9 | C23: Gaza | D23: =IFERROR(INDEX(_h_SimpleLookup_h_!$I$16:$I$20,MATCH(CONCATENATE(INDIRECT("A"&ROW()), "#", INDIRECT("C"&ROW())),_h_SimpleLookup_h_!$H$16:$H$20,0)),"") -> H_3d746386df8e70fc233233a9e10a429bbb45de06e238ef21fcff52d27fd51781 | E23: Chibuto | F23: =IFERROR(INDEX(_h_SimpleLookup_h_!$I$16:$I$20,MATCH(CONCATENATE(INDIRECT("A"&ROW()), "#", INDIRECT("C"&ROW()), "#", INDIRECT("E"&ROW())),_h_SimpleLookup_h_!$H$16:$H$20,0)),"") -> H_f8225e850582739dca18bbc9f1b87eec4a399a506bac01963630d2d5869939c4 | H23: =IFERROR(INDEX(_h_SimpleLookup_h_!$I$16:$I$20,MATCH(CONCATENATE(INDIRECT("A"&ROW()), "#", INDIRECT("C"&ROW()), "#", INDIRECT("E"&ROW()), "#", INDIRECT("G"&ROW())),_h_SimpleLookup_h_!$H$16:$H$20,0)),"") | J23: =IFERROR(INDEX(_h_SimpleLookup_h_!$I$16:$I$20,MATCH(CONCATENATE(INDIRECT("A"&ROW()), "#", INDIRECT("C"&ROW()), "#", INDIRECT("E"&ROW()), "#", INDIRECT("G"&ROW()), "#", INDIRECT("I"&ROW())),_h_SimpleLookup_h_!$H$16:$H$20,0)),"") | L23: =IF(K23<>"",IFERROR(VLOOKUP(K23,_h_SimpleLookup_h_!$D$8:$E$13,2,0),""),IF(I23<>"",IFERROR(VLOOKUP(I23,_h_SimpleLookup_h_!$D$8:$E$13,2,0),""),IF(G23<>"",IFERROR(VLOOKUP(G23,_h_SimpleLookup_h_!$D$8:$E$13,2,0),""),IF(E23<>"",IFERROR(VLOOKUP(E23,_h_SimpleLookup_h_!$D$8:$E$13,2,0),""),IF(C23<>"",IFERROR(VLOOKUP(C23,_h_SimpleLookup_h_!$D$8:$E$13,2,0),""),IF(A23<>"",IFERROR(VLOOKUP(A23,_h_SimpleLookup_h_!$D$8:$E$13,2,0),""),"")))))) -> MICROPLAN_MO_05_01_CHIBUTO_TEST1 | M23: DS | N23: 2859768566 | O23: DISTRICT_SUPERVISOR | P23: DASHBOARD_VIEWER | T23: =IF(AND(ISBLANK(O23),ISBLANK(P23),ISBLANK(Q23),ISBLANK(R23),ISBLANK(S23)),"",TRIM(CONCATENATE(IF(ISBLANK(O23),"",O23&","),IF(ISBLANK(P23),"",P23&","),IF(ISBLANK(Q23),"",Q23&","),IF(ISBLANK(R23),"",R23&","),IF(ISBLANK(S23),"",S23&",")))) -> DISTRICT_SUPERVISOR,DASHBOARD_VIEWER, | U23: Temporary | V23: Active
A24: Nigeria | B24: =IFERROR(INDEX(_h_SimpleLookup_h_!$I$16:$I$20,MATCH(CONCATENATE(INDIRECT("A"&ROW())),_h_SimpleLookup_h_!$H$16:$H$20,0)),"") -> H_04952a0f984dccfa1c401fbe5669c5342059049be3e2bba73dc5a481759b22a9 | D24: =IFERROR(INDEX(_h_SimpleLookup_h_!$I$16:$I$20,MATCH(CONCATENATE(INDIRECT("A"&ROW()), "#", INDIRECT("C"&ROW())),_h_SimpleLookup_h_!$H$16:$H$20,0)),"") | F24: =IFERROR(INDEX(_h_SimpleLookup_h_!$I$16:$I$20,MATCH(CONCATENATE(INDIRECT("A"&ROW()), "#", INDIRECT("C"&ROW()), "#", INDIRECT("E"&ROW())),_h_SimpleLookup_h_!$H$16:$H$20,0)),"") | H24: =IFERROR(INDEX(_h_SimpleLookup_h_!$I$16:$I$20,MATCH(CONCATENATE(INDIRECT("A"&ROW()), "#", INDIRECT("C"&ROW()), "#", INDIRECT("E"&ROW()), "#", INDIRECT("G"&ROW())),_h_SimpleLookup_h_!$H$16:$H$20,0)),"") | J24: =IFERROR(INDEX(_h_SimpleLookup_h_!$I$16:$I$20,MATCH(CONCATENATE(INDIRECT("A"&ROW()), "#", INDIRECT("C"&ROW()), "#", INDIRECT("E"&ROW()), "#", INDIRECT("G"&ROW()), "#", INDIRECT("I"&ROW())),_h_SimpleLookup_h_!$H$16:$H$20,0)),"") | L24: =IF(K24<>"",IFERROR(VLOOKUP(K24,_h_SimpleLookup_h_!$D$8:$E$13,2,0),""),IF(I24<>"",IFERROR(VLOOKUP(I24,_h_SimpleLookup_h_!$D$8:$E$13,2,0),""),IF(G24<>"",IFERROR(VLOOKUP(G24,_h_SimpleLookup_h_!$D$8:$E$13,2,0),""),IF(E24<>"",IFERROR(VLOOKUP(E24,_h_SimpleLookup_h_!$D$8:$E$13,2,0),""),IF(C24<>"",IFERROR(VLOOKUP(C24,_h_SimpleLookup_h_!$D$8:$E$13,2,0),""),IF(A24<>"",IFERROR(VLOOKUP(A24,_h_SimpleLookup_h_!$D$8:$E$13,2,0),""),"")))))) -> MICROPLAN_MO | M24: TSL1 | N24: 2859768567 | O24: TEAM_SUPERVISOR | T24: =IF(AND(ISBLANK(O24),ISBLANK(P24),ISBLANK(Q24),ISBLANK(R24),ISBLANK(S24)),"",TRIM(CONCATENATE(IF(ISBLANK(O24),"",O24&","),IF(ISBLANK(P24),"",P24&","),IF(ISBLANK(Q24),"",Q24&","),IF(ISBLANK(R24),"",R24&","),IF(ISBLANK(S24),"",S24&",")))) -> TEAM_SUPERVISOR, | U24: Temporary | V24: Active
A25: Nigeria | B25: =IFERROR(INDEX(_h_SimpleLookup_h_!$I$16:$I$20,MATCH(CONCATENATE(INDIRECT("A"&ROW())),_h_SimpleLookup_h_!$H$16:$H$20,0)),"") -> H_04952a0f984dccfa1c401fbe5669c5342059049be3e2bba73dc5a481759b22a9 | C25: Gaza | D25: =IFERROR(INDEX(_h_SimpleLookup_h_!$I$16:$I$20,MATCH(CONCATENATE(INDIRECT("A"&ROW()), "#", INDIRECT("C"&ROW())),_h_SimpleLookup_h_!$H$16:$H$20,0)),"") -> H_3d746386df8e70fc233233a9e10a429bbb45de06e238ef21fcff52d27fd51781 | F25: =IFERROR(INDEX(_h_SimpleLookup_h_!$I$16:$I$20,MATCH(CONCATENATE(INDIRECT("A"&ROW()), "#", INDIRECT("C"&ROW()), "#", INDIRECT("E"&ROW())),_h_SimpleLookup_h_!$H$16:$H$20,0)),"") | H25: =IFERROR(INDEX(_h_SimpleLookup_h_!$I$16:$I$20,MATCH(CONCATENATE(INDIRECT("A"&ROW()), "#", INDIRECT("C"&ROW()), "#", INDIRECT("E"&ROW()), "#", INDIRECT("G"&ROW())),_h_SimpleLookup_h_!$H$16:$H$20,0)),"") | J25: =IFERROR(INDEX(_h_SimpleLookup_h_!$I$16:$I$20,MATCH(CONCATENATE(INDIRECT("A"&ROW()), "#", INDIRECT("C"&ROW()), "#", INDIRECT("E"&ROW()), "#", INDIRECT("G"&ROW()), "#", INDIRECT("I"&ROW())),_h_SimpleLookup_h_!$H$16:$H$20,0)),"") | L25: =IF(K25<>"",IFERROR(VLOOKUP(K25,_h_SimpleLookup_h_!$D$8:$E$13,2,0),""),IF(I25<>"",IFERROR(VLOOKUP(I25,_h_SimpleLookup_h_!$D$8:$E$13,2,0),""),IF(G25<>"",IFERROR(VLOOKUP(G25,_h_SimpleLookup_h_!$D$8:$E$13,2,0),""),IF(E25<>"",IFERROR(VLOOKUP(E25,_h_SimpleLookup_h_!$D$8:$E$13,2,0),""),IF(C25<>"",IFERROR(VLOOKUP(C25,_h_SimpleLookup_h_!$D$8:$E$13,2,0),""),IF(A25<>"",IFERROR(VLOOKUP(A25,_h_SimpleLookup_h_!$D$8:$E$13,2,0),""),"")))))) -> MICROPLAN_MO_05_GAZA_TEST1 | M25: TSL2 | N25: 2859768568 | O25: TEAM_SUPERVISOR | T25: =IF(AND(ISBLANK(O25),ISBLANK(P25),ISBLANK(Q25),ISBLANK(R25),ISBLANK(S25)),"",TRIM(CONCATENATE(IF(ISBLANK(O25),"",O25&","),IF(ISBLANK(P25),"",P25&","),IF(ISBLANK(Q25),"",Q25&","),IF(ISBLANK(R25),"",R25&","),IF(ISBLANK(S25),"",S25&",")))) -> TEAM_SUPERVISOR, | U25: Temporary | V25: Active
A26: Nigeria | B26: =IFERROR(INDEX(_h_SimpleLookup_h_!$I$16:$I$20,MATCH(CONCATENATE(INDIRECT("A"&ROW())),_h_SimpleLookup_h_!$H$16:$H$20,0)),"") -> H_04952a0f984dccfa1c401fbe5669c5342059049be3e2bba73dc5a481759b22a9 | C26: Gaza | D26: =IFERROR(INDEX(_h_SimpleLookup_h_!$I$16:$I$20,MATCH(CONCATENATE(INDIRECT("A"&ROW()), "#", INDIRECT("C"&ROW())),_h_SimpleLookup_h_!$H$16:$H$20,0)),"") -> H_3d746386df8e70fc233233a9e10a429bbb45de06e238ef21fcff52d27fd51781 | E26: Chibuto | F26: =IFERROR(INDEX(_h_SimpleLookup_h_!$I$16:$I$20,MATCH(CONCATENATE(INDIRECT("A"&ROW()), "#", INDIRECT("C"&ROW()), "#", INDIRECT("E"&ROW())),_h_SimpleLookup_h_!$H$16:$H$20,0)),"") -> H_f8225e850582739dca18bbc9f1b87eec4a399a506bac01963630d2d5869939c4 | H26: =IFERROR(INDEX(_h_SimpleLookup_h_!$I$16:$I$20,MATCH(CONCATENATE(INDIRECT("A"&ROW()), "#", INDIRECT("C"&ROW()), "#", INDIRECT("E"&ROW()), "#", INDIRECT("G"&ROW())),_h_SimpleLookup_h_!$H$16:$H$20,0)),"") | J26: =IFERROR(INDEX(_h_SimpleLookup_h_!$I$16:$I$20,MATCH(CONCATENATE(INDIRECT("A"&ROW()), "#", INDIRECT("C"&ROW()), "#", INDIRECT("E"&ROW()), "#", INDIRECT("G"&ROW()), "#", INDIRECT("I"&ROW())),_h_SimpleLookup_h_!$H$16:$H$20,0)),"") | L26: =IF(K26<>"",IFERROR(VLOOKUP(K26,_h_SimpleLookup_h_!$D$8:$E$13,2,0),""),IF(I26<>"",IFERROR(VLOOKUP(I26,_h_SimpleLookup_h_!$D$8:$E$13,2,0),""),IF(G26<>"",IFERROR(VLOOKUP(G26,_h_SimpleLookup_h_!$D$8:$E$13,2,0),""),IF(E26<>"",IFERROR(VLOOKUP(E26,_h_SimpleLookup_h_!$D$8:$E$13,2,0),""),IF(C26<>"",IFERROR(VLOOKUP(C26,_h_SimpleLookup_h_!$D$8:$E$13,2,0),""),IF(A26<>"",IFERROR(VLOOKUP(A26,_h_SimpleLookup_h_!$D$8:$E$13,2,0),""),"")))))) -> MICROPLAN_MO_05_01_CHIBUTO_TEST1 | M26: TSL3 | N26: 2859768569 | O26: TEAM_SUPERVISOR | T26: =IF(AND(ISBLANK(O26),ISBLANK(P26),ISBLANK(Q26),ISBLANK(R26),ISBLANK(S26)),"",TRIM(CONCATENATE(IF(ISBLANK(O26),"",O26&","),IF(ISBLANK(P26),"",P26&","),IF(ISBLANK(Q26),"",Q26&","),IF(ISBLANK(R26),"",R26&","),IF(ISBLANK(S26),"",S26&",")))) -> TEAM_SUPERVISOR, | U26: Temporary | V26: Active
A27: Nigeria | B27: =IFERROR(INDEX(_h_SimpleLookup_h_!$I$16:$I$20,MATCH(CONCATENATE(INDIRECT("A"&ROW())),_h_SimpleLookup_h_!$H$16:$H$20,0)),"") -> H_04952a0f984dccfa1c401fbe5669c5342059049be3e2bba73dc5a481759b22a9 | C27: Gaza | D27: =IFERROR(INDEX(_h_SimpleLookup_h_!$I$16:$I$20,MATCH(CONCATENATE(INDIRECT("A"&ROW()), "#", INDIRECT("C"&ROW())),_h_SimpleLookup_h_!$H$16:$H$20,0)),"") -> H_3d746386df8e70fc233233a9e10a429bbb45de06e238ef21fcff52d27fd51781 | E27: Chibuto | F27: =IFERROR(INDEX(_h_SimpleLookup_h_!$I$16:$I$20,MATCH(CONCATENATE(INDIRECT("A"&ROW()), "#", INDIRECT("C"&ROW()), "#", INDIRECT("E"&ROW())),_h_SimpleLookup_h_!$H$16:$H$20,0)),"") -> H_f8225e850582739dca18bbc9f1b87eec4a399a506bac01963630d2d5869939c4 | G27: Chibutoo | H27: =IFERROR(INDEX(_h_SimpleLookup_h_!$I$16:$I$20,MATCH(CONCATENATE(INDIRECT("A"&ROW()), "#", INDIRECT("C"&ROW()), "#", INDIRECT("E"&ROW()), "#", INDIRECT("G"&ROW())),_h_SimpleLookup_h_!$H$16:$H$20,0)),"") -> H_9de166f1e87c37e01777111aa51a73d37bbe5559df989fc50fad851f9070f447 | J27: =IFERROR(INDEX(_h_SimpleLookup_h_!$I$16:$I$20,MATCH(CONCATENATE(INDIRECT("A"&ROW()), "#", INDIRECT("C"&ROW()), "#", INDIRECT("E"&ROW()), "#", INDIRECT("G"&ROW()), "#", INDIRECT("I"&ROW())),_h_SimpleLookup_h_!$H$16:$H$20,0)),"") | L27: =IF(K27<>"",IFERROR(VLOOKUP(K27,_h_SimpleLookup_h_!$D$8:$E$13,2,0),""),IF(I27<>"",IFERROR(VLOOKUP(I27,_h_SimpleLookup_h_!$D$8:$E$13,2,0),""),IF(G27<>"",IFERROR(VLOOKUP(G27,_h_SimpleLookup_h_!$D$8:$E$13,2,0),""),IF(E27<>"",IFERROR(VLOOKUP(E27,_h_SimpleLookup_h_!$D$8:$E$13,2,0),""),IF(C27<>"",IFERROR(VLOOKUP(C27,_h_SimpleLookup_h_!$D$8:$E$13,2,0),""),IF(A27<>"",IFERROR(VLOOKUP(A27,_h_SimpleLookup_h_!$D$8:$E$13,2,0),""),"")))))) -> MICROPLAN_MO_05_01_01_CHIBUTOO_TEST1 | M27: TSL4 | N27: 2859768570 | O27: TEAM_SUPERVISOR | T27: =IF(AND(ISBLANK(O27),ISBLANK(P27),ISBLANK(Q27),ISBLANK(R27),ISBLANK(S27)),"",TRIM(CONCATENATE(IF(ISBLANK(O27),"",O27&","),IF(ISBLANK(P27),"",P27&","),IF(ISBLANK(Q27),"",Q27&","),IF(ISBLANK(R27),"",R27&","),IF(ISBLANK(S27),"",S27&",")))) -> TEAM_SUPERVISOR, | U27: Temporary | V27: Active
A28: Nigeria | B28: =IFERROR(INDEX(_h_SimpleLookup_h_!$I$16:$I$20,MATCH(CONCATENATE(INDIRECT("A"&ROW())),_h_SimpleLookup_h_!$H$16:$H$20,0)),"") -> H_04952a0f984dccfa1c401fbe5669c5342059049be3e2bba73dc5a481759b22a9 | C28: Gaza | D28: =IFERROR(INDEX(_h_SimpleLookup_h_!$I$16:$I$20,MATCH(CONCATENATE(INDIRECT("A"&ROW()), "#", INDIRECT("C"&ROW())),_h_SimpleLookup_h_!$H$16:$H$20,0)),"") -> H_3d746386df8e70fc233233a9e10a429bbb45de06e238ef21fcff52d27fd51781 | E28: Chibuto | F28: =IFERROR(INDEX(_h_SimpleLookup_h_!$I$16:$I$20,MATCH(CONCATENATE(INDIRECT("A"&ROW()), "#", INDIRECT("C"&ROW()), "#", INDIRECT("E"&ROW())),_h_SimpleLookup_h_!$H$16:$H$20,0)),"") -> H_f8225e850582739dca18bbc9f1b87eec4a399a506bac01963630d2d5869939c4 | G28: Chibutoo | H28: =IFERROR(INDEX(_h_SimpleLookup_h_!$I$16:$I$20,MATCH(CONCATENATE(INDIRECT("A"&ROW()), "#", INDIRECT("C"&ROW()), "#", INDIRECT("E"&ROW()), "#", INDIRECT("G"&ROW())),_h_SimpleLookup_h_!$H$16:$H$20,0)),"") -> H_9de166f1e87c37e01777111aa51a73d37bbe5559df989fc50fad851f9070f447 | I28: Chibuto Sede | J28: =IFERROR(INDEX(_h_SimpleLookup_h_!$I$16:$I$20,MATCH(CONCATENATE(INDIRECT("A"&ROW()), "#", INDIRECT("C"&ROW()), "#", INDIRECT("E"&ROW()), "#", INDIRECT("G"&ROW()), "#", INDIRECT("I"&ROW())),_h_SimpleLookup_h_!$H$16:$H$20,0)),"") -> H_e9c3596c6f157c143621a34465e5390d1264415e6840e00130c0b1805b8f179c | L28: =IF(K28<>"",IFERROR(VLOOKUP(K28,_h_SimpleLookup_h_!$D$8:$E$13,2,0),""),IF(I28<>"",IFERROR(VLOOKUP(I28,_h_SimpleLookup_h_!$D$8:$E$13,2,0),""),IF(G28<>"",IFERROR(VLOOKUP(G28,_h_SimpleLookup_h_!$D$8:$E$13,2,0),""),IF(E28<>"",IFERROR(VLOOKUP(E28,_h_SimpleLookup_h_!$D$8:$E$13,2,0),""),IF(C28<>"",IFERROR(VLOOKUP(C28,_h_SimpleLookup_h_!$D$8:$E$13,2,0),""),IF(A28<>"",IFERROR(VLOOKUP(A28,_h_SimpleLookup_h_!$D$8:$E$13,2,0),""),"")))))) -> MICROPLAN_MO_05_01_01_01_CHIBUTO_SEDE_TEST1 | M28: TSL5 | N28: 2859768571 | O28: TEAM_SUPERVISOR | T28: =IF(AND(ISBLANK(O28),ISBLANK(P28),ISBLANK(Q28),ISBLANK(R28),ISBLANK(S28)),"",TRIM(CONCATENATE(IF(ISBLANK(O28),"",O28&","),IF(ISBLANK(P28),"",P28&","),IF(ISBLANK(Q28),"",Q28&","),IF(ISBLANK(R28),"",R28&","),IF(ISBLANK(S28),"",S28&",")))) -> TEAM_SUPERVISOR, | U28: Temporary | V28: Active
A29: Nigeria | B29: =IFERROR(INDEX(_h_SimpleLookup_h_!$I$16:$I$20,MATCH(CONCATENATE(INDIRECT("A"&ROW())),_h_SimpleLookup_h_!$H$16:$H$20,0)),"") -> H_04952a0f984dccfa1c401fbe5669c5342059049be3e2bba73dc5a481759b22a9 | C29: Gaza | D29: =IFERROR(INDEX(_h_SimpleLookup_h_!$I$16:$I$20,MATCH(CONCATENATE(INDIRECT("A"&ROW()), "#", INDIRECT("C"&ROW())),_h_SimpleLookup_h_!$H$16:$H$20,0)),"") -> H_3d746386df8e70fc233233a9e10a429bbb45de06e238ef21fcff52d27fd51781 | E29: Chibuto | F29: =IFERROR(INDEX(_h_SimpleLookup_h_!$I$16:$I$20,MATCH(CONCATENATE(INDIRECT("A"&ROW()), "#", INDIRECT("C"&ROW()), "#", INDIRECT("E"&ROW())),_h_SimpleLookup_h_!$H$16:$H$20,0)),"") -> H_f8225e850582739dca18bbc9f1b87eec4a399a506bac01963630d2d5869939c4 | G29: Chibutoo | H29: =IFERROR(INDEX(_h_SimpleLookup_h_!$I$16:$I$20,MATCH(CONCATENATE(INDIRECT("A"&ROW()), "#", INDIRECT("C"&ROW()), "#", INDIRECT("E"&ROW()), "#", INDIRECT("G"&ROW())),_h_SimpleLookup_h_!$H$16:$H$20,0)),"") -> H_9de166f1e87c37e01777111aa51a73d37bbe5559df989fc50fad851f9070f447 | I29: Chibuto Sede | J29: =IFERROR(INDEX(_h_SimpleLookup_h_!$I$16:$I$20,MATCH(CONCATENATE(INDIRECT("A"&ROW()), "#", INDIRECT("C"&ROW()), "#", INDIRECT("E"&ROW()), "#", INDIRECT("G"&ROW()), "#", INDIRECT("I"&ROW())),_h_SimpleLookup_h_!$H$16:$H$20,0)),"") -> H_e9c3596c6f157c143621a34465e5390d1264415e6840e00130c0b1805b8f179c | K29: Mapa | L29: =IF(K29<>"",IFERROR(VLOOKUP(K29,_h_SimpleLookup_h_!$D$8:$E$13,2,0),""),IF(I29<>"",IFERROR(VLOOKUP(I29,_h_SimpleLookup_h_!$D$8:$E$13,2,0),""),IF(G29<>"",IFERROR(VLOOKUP(G29,_h_SimpleLookup_h_!$D$8:$E$13,2,0),""),IF(E29<>"",IFERROR(VLOOKUP(E29,_h_SimpleLookup_h_!$D$8:$E$13,2,0),""),IF(C29<>"",IFERROR(VLOOKUP(C29,_h_SimpleLookup_h_!$D$8:$E$13,2,0),""),IF(A29<>"",IFERROR(VLOOKUP(A29,_h_SimpleLookup_h_!$D$8:$E$13,2,0),""),"")))))) -> MICROPLAN_MO_05_01_01_01_01_MAPA_TEST1 | M29: TSL6 | N29: 2859768572 | O29: TEAM_SUPERVISOR | T29: =IF(AND(ISBLANK(O29),ISBLANK(P29),ISBLANK(Q29),ISBLANK(R29),ISBLANK(S29)),"",TRIM(CONCATENATE(IF(ISBLANK(O29),"",O29&","),IF(ISBLANK(P29),"",P29&","),IF(ISBLANK(Q29),"",Q29&","),IF(ISBLANK(R29),"",R29&","),IF(ISBLANK(S29),"",S29&",")))) -> TEAM_SUPERVISOR, | U29: Temporary | V29: Active
A30: Nigeria | B30: =IFERROR(INDEX(_h_SimpleLookup_h_!$I$16:$I$20,MATCH(CONCATENATE(INDIRECT("A"&ROW())),_h_SimpleLookup_h_!$H$16:$H$20,0)),"") -> H_04952a0f984dccfa1c401fbe5669c5342059049be3e2bba73dc5a481759b22a9 | D30: =IFERROR(INDEX(_h_SimpleLookup_h_!$I$16:$I$20,MATCH(CONCATENATE(INDIRECT("A"&ROW()), "#", INDIRECT("C"&ROW())),_h_SimpleLookup_h_!$H$16:$H$20,0)),"") | F30: =IFERROR(INDEX(_h_SimpleLookup_h_!$I$16:$I$20,MATCH(CONCATENATE(INDIRECT("A"&ROW()), "#", INDIRECT("C"&ROW()), "#", INDIRECT("E"&ROW())),_h_SimpleLookup_h_!$H$16:$H$20,0)),"") | H30: =IFERROR(INDEX(_h_SimpleLookup_h_!$I$16:$I$20,MATCH(CONCATENATE(INDIRECT("A"&ROW()), "#", INDIRECT("C"&ROW()), "#", INDIRECT("E"&ROW()), "#", INDIRECT("G"&ROW())),_h_SimpleLookup_h_!$H$16:$H$20,0)),"") | J30: =IFERROR(INDEX(_h_SimpleLookup_h_!$I$16:$I$20,MATCH(CONCATENATE(INDIRECT("A"&ROW()), "#", INDIRECT("C"&ROW()), "#", INDIRECT("E"&ROW()), "#", INDIRECT("G"&ROW()), "#", INDIRECT("I"&ROW())),_h_SimpleLookup_h_!$H$16:$H$20,0)),"") | L30: =IF(K30<>"",IFERROR(VLOOKUP(K30,_h_SimpleLookup_h_!$D$8:$E$13,2,0),""),IF(I30<>"",IFERROR(VLOOKUP(I30,_h_SimpleLookup_h_!$D$8:$E$13,2,0),""),IF(G30<>"",IFERROR(VLOOKUP(G30,_h_SimpleLookup_h_!$D$8:$E$13,2,0),""),IF(E30<>"",IFERROR(VLOOKUP(E30,_h_SimpleLookup_h_!$D$8:$E$13,2,0),""),IF(C30<>"",IFERROR(VLOOKUP(C30,_h_SimpleLookup_h_!$D$8:$E$13,2,0),""),IF(A30<>"",IFERROR(VLOOKUP(A30,_h_SimpleLookup_h_!$D$8:$E$13,2,0),""),"")))))) -> MICROPLAN_MO | M30: PSL1 | N30: 2859768573 | O30: PROXIMITY_SUPERVISOR | T30: =IF(AND(ISBLANK(O30),ISBLANK(P30),ISBLANK(Q30),ISBLANK(R30),ISBLANK(S30)),"",TRIM(CONCATENATE(IF(ISBLANK(O30),"",O30&","),IF(ISBLANK(P30),"",P30&","),IF(ISBLANK(Q30),"",Q30&","),IF(ISBLANK(R30),"",R30&","),IF(ISBLANK(S30),"",S30&",")))) -> PROXIMITY_SUPERVISOR, | U30: Temporary | V30: Active
A31: Nigeria | B31: =IFERROR(INDEX(_h_SimpleLookup_h_!$I$16:$I$20,MATCH(CONCATENATE(INDIRECT("A"&ROW())),_h_SimpleLookup_h_!$H$16:$H$20,0)),"") -> H_04952a0f984dccfa1c401fbe5669c5342059049be3e2bba73dc5a481759b22a9 | C31: Gaza | D31: =IFERROR(INDEX(_h_SimpleLookup_h_!$I$16:$I$20,MATCH(CONCATENATE(INDIRECT("A"&ROW()), "#", INDIRECT("C"&ROW())),_h_SimpleLookup_h_!$H$16:$H$20,0)),"") -> H_3d746386df8e70fc233233a9e10a429bbb45de06e238ef21fcff52d27fd51781 | F31: =IFERROR(INDEX(_h_SimpleLookup_h_!$I$16:$I$20,MATCH(CONCATENATE(INDIRECT("A"&ROW()), "#", INDIRECT("C"&ROW()), "#", INDIRECT("E"&ROW())),_h_SimpleLookup_h_!$H$16:$H$20,0)),"") | H31: =IFERROR(INDEX(_h_SimpleLookup_h_!$I$16:$I$20,MATCH(CONCATENATE(INDIRECT("A"&ROW()), "#", INDIRECT("C"&ROW()), "#", INDIRECT("E"&ROW()), "#", INDIRECT("G"&ROW())),_h_SimpleLookup_h_!$H$16:$H$20,0)),"") | J31: =IFERROR(INDEX(_h_SimpleLookup_h_!$I$16:$I$20,MATCH(CONCATENATE(INDIRECT("A"&ROW()), "#", INDIRECT("C"&ROW()), "#", INDIRECT("E"&ROW()), "#", INDIRECT("G"&ROW()), "#", INDIRECT("I"&ROW())),_h_SimpleLookup_h_!$H$16:$H$20,0)),"") | L31: =IF(K31<>"",IFERROR(VLOOKUP(K31,_h_SimpleLookup_h_!$D$8:$E$13,2,0),""),IF(I31<>"",IFERROR(VLOOKUP(I31,_h_SimpleLookup_h_!$D$8:$E$13,2,0),""),IF(G31<>"",IFERROR(VLOOKUP(G31,_h_SimpleLookup_h_!$D$8:$E$13,2,0),""),IF(E31<>"",IFERROR(VLOOKUP(E31,_h_SimpleLookup_h_!$D$8:$E$13,2,0),""),IF(C31<>"",IFERROR(VLOOKUP(C31,_h_SimpleLookup_h_!$D$8:$E$13,2,0),""),IF(A31<>"",IFERROR(VLOOKUP(A31,_h_SimpleLookup_h_!$D$8:$E$13,2,0),""),"")))))) -> MICROPLAN_MO_05_GAZA_TEST1 | M31: PSL2 | N31: 2859768574 | O31: PROXIMITY_SUPERVISOR | T31: =IF(AND(ISBLANK(O31),ISBLANK(P31),ISBLANK(Q31),ISBLANK(R31),ISBLANK(S31)),"",TRIM(CONCATENATE(IF(ISBLANK(O31),"",O31&","),IF(ISBLANK(P31),"",P31&","),IF(ISBLANK(Q31),"",Q31&","),IF(ISBLANK(R31),"",R31&","),IF(ISBLANK(S31),"",S31&",")))) -> PROXIMITY_SUPERVISOR, | U31: Temporary | V31: Active
A32: Nigeria | B32: =IFERROR(INDEX(_h_SimpleLookup_h_!$I$16:$I$20,MATCH(CONCATENATE(INDIRECT("A"&ROW())),_h_SimpleLookup_h_!$H$16:$H$20,0)),"") -> H_04952a0f984dccfa1c401fbe5669c5342059049be3e2bba73dc5a481759b22a9 | C32: Gaza | D32: =IFERROR(INDEX(_h_SimpleLookup_h_!$I$16:$I$20,MATCH(CONCATENATE(INDIRECT("A"&ROW()), "#", INDIRECT("C"&ROW())),_h_SimpleLookup_h_!$H$16:$H$20,0)),"") -> H_3d746386df8e70fc233233a9e10a429bbb45de06e238ef21fcff52d27fd51781 | E32: Chibuto | F32: =IFERROR(INDEX(_h_SimpleLookup_h_!$I$16:$I$20,MATCH(CONCATENATE(INDIRECT("A"&ROW()), "#", INDIRECT("C"&ROW()), "#", INDIRECT("E"&ROW())),_h_SimpleLookup_h_!$H$16:$H$20,0)),"") -> H_f8225e850582739dca18bbc9f1b87eec4a399a506bac01963630d2d5869939c4 | H32: =IFERROR(INDEX(_h_SimpleLookup_h_!$I$16:$I$20,MATCH(CONCATENATE(INDIRECT("A"&ROW()), "#", INDIRECT("C"&ROW()), "#", INDIRECT("E"&ROW()), "#", INDIRECT("G"&ROW())),_h_SimpleLookup_h_!$H$16:$H$20,0)),"") | J32: =IFERROR(INDEX(_h_SimpleLookup_h_!$I$16:$I$20,MATCH(CONCATENATE(INDIRECT("A"&ROW()), "#", INDIRECT("C"&ROW()), "#", INDIRECT("E"&ROW()), "#", INDIRECT("G"&ROW()), "#", INDIRECT("I"&ROW())),_h_SimpleLookup_h_!$H$16:$H$20,0)),"") | L32: =IF(K32<>"",IFERROR(VLOOKUP(K32,_h_SimpleLookup_h_!$D$8:$E$13,2,0),""),IF(I32<>"",IFERROR(VLOOKUP(I32,_h_SimpleLookup_h_!$D$8:$E$13,2,0),""),IF(G32<>"",IFERROR(VLOOKUP(G32,_h_SimpleLookup_h_!$D$8:$E$13,2,0),""),IF(E32<>"",IFERROR(VLOOKUP(E32,_h_SimpleLookup_h_!$D$8:$E$13,2,0),""),IF(C32<>"",IFERROR(VLOOKUP(C32,_h_SimpleLookup_h_!$D$8:$E$13,2,0),""),IF(A32<>"",IFERROR(VLOOKUP(A32,_h_SimpleLookup_h_!$D$8:$E$13,2,0),""),"")))))) -> MICROPLAN_MO_05_01_CHIBUTO_TEST1 | M32: PSL3 | N32: 2859768575 | O32: PROXIMITY_SUPERVISOR | T32: =IF(AND(ISBLANK(O32),ISBLANK(P32),ISBLANK(Q32),ISBLANK(R32),ISBLANK(S32)),"",TRIM(CONCATENATE(IF(ISBLANK(O32),"",O32&","),IF(ISBLANK(P32),"",P32&","),IF(ISBLANK(Q32),"",Q32&","),IF(ISBLANK(R32),"",R32&","),IF(ISBLANK(S32),"",S32&",")))) -> PROXIMITY_SUPERVISOR, | U32: Temporary | V32: Active
A33: Nigeria | B33: =IFERROR(INDEX(_h_SimpleLookup_h_!$I$16:$I$20,MATCH(CONCATENATE(INDIRECT("A"&ROW())),_h_SimpleLookup_h_!$H$16:$H$20,0)),"") -> H_04952a0f984dccfa1c401fbe5669c5342059049be3e2bba73dc5a481759b22a9 | C33: Gaza | D33: =IFERROR(INDEX(_h_SimpleLookup_h_!$I$16:$I$20,MATCH(CONCATENATE(INDIRECT("A"&ROW()), "#", INDIRECT("C"&ROW())),_h_SimpleLookup_h_!$H$16:$H$20,0)),"") -> H_3d746386df8e70fc233233a9e10a429bbb45de06e238ef21fcff52d27fd51781 | E33: Chibuto | F33: =IFERROR(INDEX(_h_SimpleLookup_h_!$I$16:$I$20,MATCH(CONCATENATE(INDIRECT("A"&ROW()), "#", INDIRECT("C"&ROW()), "#", INDIRECT("E"&ROW())),_h_SimpleLookup_h_!$H$16:$H$20,0)),"") -> H_f8225e850582739dca18bbc9f1b87eec4a399a506bac01963630d2d5869939c4 | G33: Chibutoo | H33: =IFERROR(INDEX(_h_SimpleLookup_h_!$I$16:$I$20,MATCH(CONCATENATE(INDIRECT("A"&ROW()), "#", INDIRECT("C"&ROW()), "#", INDIRECT("E"&ROW()), "#", INDIRECT("G"&ROW())),_h_SimpleLookup_h_!$H$16:$H$20,0)),"") -> H_9de166f1e87c37e01777111aa51a73d37bbe5559df989fc50fad851f9070f447 | J33: =IFERROR(INDEX(_h_SimpleLookup_h_!$I$16:$I$20,MATCH(CONCATENATE(INDIRECT("A"&ROW()), "#", INDIRECT("C"&ROW()), "#", INDIRECT("E"&ROW()), "#", INDIRECT("G"&ROW()), "#", INDIRECT("I"&ROW())),_h_SimpleLookup_h_!$H$16:$H$20,0)),"") | L33: =IF(K33<>"",IFERROR(VLOOKUP(K33,_h_SimpleLookup_h_!$D$8:$E$13,2,0),""),IF(I33<>"",IFERROR(VLOOKUP(I33,_h_SimpleLookup_h_!$D$8:$E$13,2,0),""),IF(G33<>"",IFERROR(VLOOKUP(G33,_h_SimpleLookup_h_!$D$8:$E$13,2,0),""),IF(E33<>"",IFERROR(VLOOKUP(E33,_h_SimpleLookup_h_!$D$8:$E$13,2,0),""),IF(C33<>"",IFERROR(VLOOKUP(C33,_h_SimpleLookup_h_!$D$8:$E$13,2,0),""),IF(A33<>"",IFERROR(VLOOKUP(A33,_h_SimpleLookup_h_!$D$8:$E$13,2,0),""),"")))))) -> MICROPLAN_MO_05_01_01_CHIBUTOO_TEST1 | M33: PSL4 | N33: 2859768576 | O33: PROXIMITY_SUPERVISOR | T33: =IF(AND(ISBLANK(O33),ISBLANK(P33),ISBLANK(Q33),ISBLANK(R33),ISBLANK(S33)),"",TRIM(CONCATENATE(IF(ISBLANK(O33),"",O33&","),IF(ISBLANK(P33),"",P33&","),IF(ISBLANK(Q33),"",Q33&","),IF(ISBLANK(R33),"",R33&","),IF(ISBLANK(S33),"",S33&",")))) -> PROXIMITY_SUPERVISOR, | U33: Temporary | V33: Active
A34: Nigeria | B34: =IFERROR(INDEX(_h_SimpleLookup_h_!$I$16:$I$20,MATCH(CONCATENATE(INDIRECT("A"&ROW())),_h_SimpleLookup_h_!$H$16:$H$20,0)),"") -> H_04952a0f984dccfa1c401fbe5669c5342059049be3e2bba73dc5a481759b22a9 | C34: Gaza | D34: =IFERROR(INDEX(_h_SimpleLookup_h_!$I$16:$I$20,MATCH(CONCATENATE(INDIRECT("A"&ROW()), "#", INDIRECT("C"&ROW())),_h_SimpleLookup_h_!$H$16:$H$20,0)),"") -> H_3d746386df8e70fc233233a9e10a429bbb45de06e238ef21fcff52d27fd51781 | E34: Chibuto | F34: =IFERROR(INDEX(_h_SimpleLookup_h_!$I$16:$I$20,MATCH(CONCATENATE(INDIRECT("A"&ROW()), "#", INDIRECT("C"&ROW()), "#", INDIRECT("E"&ROW())),_h_SimpleLookup_h_!$H$16:$H$20,0)),"") -> H_f8225e850582739dca18bbc9f1b87eec4a399a506bac01963630d2d5869939c4 | G34: Chibutoo | H34: =IFERROR(INDEX(_h_SimpleLookup_h_!$I$16:$I$20,MATCH(CONCATENATE(INDIRECT("A"&ROW()), "#", INDIRECT("C"&ROW()), "#", INDIRECT("E"&ROW()), "#", INDIRECT("G"&ROW())),_h_SimpleLookup_h_!$H$16:$H$20,0)),"") -> H_9de166f1e87c37e01777111aa51a73d37bbe5559df989fc50fad851f9070f447 | I34: Chibuto Sede | J34: =IFERROR(INDEX(_h_SimpleLookup_h_!$I$16:$I$20,MATCH(CONCATENATE(INDIRECT("A"&ROW()), "#", INDIRECT("C"&ROW()), "#", INDIRECT("E"&ROW()), "#", INDIRECT("G"&ROW()), "#", INDIRECT("I"&ROW())),_h_SimpleLookup_h_!$H$16:$H$20,0)),"") -> H_e9c3596c6f157c143621a34465e5390d1264415e6840e00130c0b1805b8f179c | L34: =IF(K34<>"",IFERROR(VLOOKUP(K34,_h_SimpleLookup_h_!$D$8:$E$13,2,0),""),IF(I34<>"",IFERROR(VLOOKUP(I34,_h_SimpleLookup_h_!$D$8:$E$13,2,0),""),IF(G34<>"",IFERROR(VLOOKUP(G34,_h_SimpleLookup_h_!$D$8:$E$13,2,0),""),IF(E34<>"",IFERROR(VLOOKUP(E34,_h_SimpleLookup_h_!$D$8:$E$13,2,0),""),IF(C34<>"",IFERROR(VLOOKUP(C34,_h_SimpleLookup_h_!$D$8:$E$13,2,0),""),IF(A34<>"",IFERROR(VLOOKUP(A34,_h_SimpleLookup_h_!$D$8:$E$13,2,0),""),"")))))) -> MICROPLAN_MO_05_01_01_01_CHIBUTO_SEDE_TEST1 | M34: PSL5 | N34: 2859768577 | O34: PROXIMITY_SUPERVISOR | T34: =IF(AND(ISBLANK(O34),ISBLANK(P34),ISBLANK(Q34),ISBLANK(R34),ISBLANK(S34)),"",TRIM(CONCATENATE(IF(ISBLANK(O34),"",O34&","),IF(ISBLANK(P34),"",P34&","),IF(ISBLANK(Q34),"",Q34&","),IF(ISBLANK(R34),"",R34&","),IF(ISBLANK(S34),"",S34&",")))) -> PROXIMITY_SUPERVISOR, | U34: Temporary | V34: Active
A35: Nigeria | B35: =IFERROR(INDEX(_h_SimpleLookup_h_!$I$16:$I$20,MATCH(CONCATENATE(INDIRECT("A"&ROW())),_h_SimpleLookup_h_!$H$16:$H$20,0)),"") -> H_04952a0f984dccfa1c401fbe5669c5342059049be3e2bba73dc5a481759b22a9 | C35: Gaza | D35: =IFERROR(INDEX(_h_SimpleLookup_h_!$I$16:$I$20,MATCH(CONCATENATE(INDIRECT("A"&ROW()), "#", INDIRECT("C"&ROW())),_h_SimpleLookup_h_!$H$16:$H$20,0)),"") -> H_3d746386df8e70fc233233a9e10a429bbb45de06e238ef21fcff52d27fd51781 | E35: Chibuto | F35: =IFERROR(INDEX(_h_SimpleLookup_h_!$I$16:$I$20,MATCH(CONCATENATE(INDIRECT("A"&ROW()), "#", INDIRECT("C"&ROW()), "#", INDIRECT("E"&ROW())),_h_SimpleLookup_h_!$H$16:$H$20,0)),"") -> H_f8225e850582739dca18bbc9f1b87eec4a399a506bac01963630d2d5869939c4 | G35: Chibutoo | H35: =IFERROR(INDEX(_h_SimpleLookup_h_!$I$16:$I$20,MATCH(CONCATENATE(INDIRECT("A"&ROW()), "#", INDIRECT("C"&ROW()), "#", INDIRECT("E"&ROW()), "#", INDIRECT("G"&ROW())),_h_SimpleLookup_h_!$H$16:$H$20,0)),"") -> H_9de166f1e87c37e01777111aa51a73d37bbe5559df989fc50fad851f9070f447 | I35: Chibuto Sede | J35: =IFERROR(INDEX(_h_SimpleLookup_h_!$I$16:$I$20,MATCH(CONCATENATE(INDIRECT("A"&ROW()), "#", INDIRECT("C"&ROW()), "#", INDIRECT("E"&ROW()), "#", INDIRECT("G"&ROW()), "#", INDIRECT("I"&ROW())),_h_SimpleLookup_h_!$H$16:$H$20,0)),"") -> H_e9c3596c6f157c143621a34465e5390d1264415e6840e00130c0b1805b8f179c | K35: Mapa | L35: =IF(K35<>"",IFERROR(VLOOKUP(K35,_h_SimpleLookup_h_!$D$8:$E$13,2,0),""),IF(I35<>"",IFERROR(VLOOKUP(I35,_h_SimpleLookup_h_!$D$8:$E$13,2,0),""),IF(G35<>"",IFERROR(VLOOKUP(G35,_h_SimpleLookup_h_!$D$8:$E$13,2,0),""),IF(E35<>"",IFERROR(VLOOKUP(E35,_h_SimpleLookup_h_!$D$8:$E$13,2,0),""),IF(C35<>"",IFERROR(VLOOKUP(C35,_h_SimpleLookup_h_!$D$8:$E$13,2,0),""),IF(A35<>"",IFERROR(VLOOKUP(A35,_h_SimpleLookup_h_!$D$8:$E$13,2,0),""),"")))))) -> MICROPLAN_MO_05_01_01_01_01_MAPA_TEST1 | M35: PSL6 | N35: 2859768578 | O35: PROXIMITY_SUPERVISOR | T35: =IF(AND(ISBLANK(O35),ISBLANK(P35),ISBLANK(Q35),ISBLANK(R35),ISBLANK(S35)),"",TRIM(CONCATENATE(IF(ISBLANK(O35),"",O35&","),IF(ISBLANK(P35),"",P35&","),IF(ISBLANK(Q35),"",Q35&","),IF(ISBLANK(R35),"",R35&","),IF(ISBLANK(S35),"",S35&",")))) -> PROXIMITY_SUPERVISOR, | U35: Temporary | V35: Active
A36: Nigeria | B36: =IFERROR(INDEX(_h_SimpleLookup_h_!$I$16:$I$20,MATCH(CONCATENATE(INDIRECT("A"&ROW())),_h_SimpleLookup_h_!$H$16:$H$20,0)),"") -> H_04952a0f984dccfa1c401fbe5669c5342059049be3e2bba73dc5a481759b22a9 | D36: =IFERROR(INDEX(_h_SimpleLookup_h_!$I$16:$I$20,MATCH(CONCATENATE(INDIRECT("A"&ROW()), "#", INDIRECT("C"&ROW())),_h_SimpleLookup_h_!$H$16:$H$20,0)),"") | F36: =IFERROR(INDEX(_h_SimpleLookup_h_!$I$16:$I$20,MATCH(CONCATENATE(INDIRECT("A"&ROW()), "#", INDIRECT("C"&ROW()), "#", INDIRECT("E"&ROW())),_h_SimpleLookup_h_!$H$16:$H$20,0)),"") | H36: =IFERROR(INDEX(_h_SimpleLookup_h_!$I$16:$I$20,MATCH(CONCATENATE(INDIRECT("A"&ROW()), "#", INDIRECT("C"&ROW()), "#", INDIRECT("E"&ROW()), "#", INDIRECT("G"&ROW())),_h_SimpleLookup_h_!$H$16:$H$20,0)),"") | J36: =IFERROR(INDEX(_h_SimpleLookup_h_!$I$16:$I$20,MATCH(CONCATENATE(INDIRECT("A"&ROW()), "#", INDIRECT("C"&ROW()), "#", INDIRECT("E"&ROW()), "#", INDIRECT("G"&ROW()), "#", INDIRECT("I"&ROW())),_h_SimpleLookup_h_!$H$16:$H$20,0)),"") | L36: =IF(K36<>"",IFERROR(VLOOKUP(K36,_h_SimpleLookup_h_!$D$8:$E$13,2,0),""),IF(I36<>"",IFERROR(VLOOKUP(I36,_h_SimpleLookup_h_!$D$8:$E$13,2,0),""),IF(G36<>"",IFERROR(VLOOKUP(G36,_h_SimpleLookup_h_!$D$8:$E$13,2,0),""),IF(E36<>"",IFERROR(VLOOKUP(E36,_h_SimpleLookup_h_!$D$8:$E$13,2,0),""),IF(C36<>"",IFERROR(VLOOKUP(C36,_h_SimpleLookup_h_!$D$8:$E$13,2,0),""),IF(A36<>"",IFERROR(VLOOKUP(A36,_h_SimpleLookup_h_!$D$8:$E$13,2,0),""),"")))))) -> MICROPLAN_MO | M36: CSL1 | N36: 2859768579 | O36: CAMPAIGN_SUPERVISOR | T36: =IF(AND(ISBLANK(O36),ISBLANK(P36),ISBLANK(Q36),ISBLANK(R36),ISBLANK(S36)),"",TRIM(CONCATENATE(IF(ISBLANK(O36),"",O36&","),IF(ISBLANK(P36),"",P36&","),IF(ISBLANK(Q36),"",Q36&","),IF(ISBLANK(R36),"",R36&","),IF(ISBLANK(S36),"",S36&",")))) -> CAMPAIGN_SUPERVISOR, | U36: Temporary | V36: Active
A37: Nigeria | B37: =IFERROR(INDEX(_h_SimpleLookup_h_!$I$16:$I$20,MATCH(CONCATENATE(INDIRECT("A"&ROW())),_h_SimpleLookup_h_!$H$16:$H$20,0)),"") -> H_04952a0f984dccfa1c401fbe5669c5342059049be3e2bba73dc5a481759b22a9 | C37: Gaza | D37: =IFERROR(INDEX(_h_SimpleLookup_h_!$I$16:$I$20,MATCH(CONCATENATE(INDIRECT("A"&ROW()), "#", INDIRECT("C"&ROW())),_h_SimpleLookup_h_!$H$16:$H$20,0)),"") -> H_3d746386df8e70fc233233a9e10a429bbb45de06e238ef21fcff52d27fd51781 | F37: =IFERROR(INDEX(_h_SimpleLookup_h_!$I$16:$I$20,MATCH(CONCATENATE(INDIRECT("A"&ROW()), "#", INDIRECT("C"&ROW()), "#", INDIRECT("E"&ROW())),_h_SimpleLookup_h_!$H$16:$H$20,0)),"") | H37: =IFERROR(INDEX(_h_SimpleLookup_h_!$I$16:$I$20,MATCH(CONCATENATE(INDIRECT("A"&ROW()), "#", INDIRECT("C"&ROW()), "#", INDIRECT("E"&ROW()), "#", INDIRECT("G"&ROW())),_h_SimpleLookup_h_!$H$16:$H$20,0)),"") | J37: =IFERROR(INDEX(_h_SimpleLookup_h_!$I$16:$I$20,MATCH(CONCATENATE(INDIRECT("A"&ROW()), "#", INDIRECT("C"&ROW()), "#", INDIRECT("E"&ROW()), "#", INDIRECT("G"&ROW()), "#", INDIRECT("I"&ROW())),_h_SimpleLookup_h_!$H$16:$H$20,0)),"") | L37: =IF(K37<>"",IFERROR(VLOOKUP(K37,_h_SimpleLookup_h_!$D$8:$E$13,2,0),""),IF(I37<>"",IFERROR(VLOOKUP(I37,_h_SimpleLookup_h_!$D$8:$E$13,2,0),""),IF(G37<>"",IFERROR(VLOOKUP(G37,_h_SimpleLookup_h_!$D$8:$E$13,2,0),""),IF(E37<>"",IFERROR(VLOOKUP(E37,_h_SimpleLookup_h_!$D$8:$E$13,2,0),""),IF(C37<>"",IFERROR(VLOOKUP(C37,_h_SimpleLookup_h_!$D$8:$E$13,2,0),""),IF(A37<>"",IFERROR(VLOOKUP(A37,_h_SimpleLookup_h_!$D$8:$E$13,2,0),""),"")))))) -> MICROPLAN_MO_05_GAZA_TEST1 | M37: CSL2 | N37: 2859768580 | O37: CAMPAIGN_SUPERVISOR | T37: =IF(AND(ISBLANK(O37),ISBLANK(P37),ISBLANK(Q37),ISBLANK(R37),ISBLANK(S37)),"",TRIM(CONCATENATE(IF(ISBLANK(O37),"",O37&","),IF(ISBLANK(P37),"",P37&","),IF(ISBLANK(Q37),"",Q37&","),IF(ISBLANK(R37),"",R37&","),IF(ISBLANK(S37),"",S37&",")))) -> CAMPAIGN_SUPERVISOR, | U37: Temporary | V37: Active
A38: Nigeria | B38: =IFERROR(INDEX(_h_SimpleLookup_h_!$I$16:$I$20,MATCH(CONCATENATE(INDIRECT("A"&ROW())),_h_SimpleLookup_h_!$H$16:$H$20,0)),"") -> H_04952a0f984dccfa1c401fbe5669c5342059049be3e2bba73dc5a481759b22a9 | C38: Gaza | D38: =IFERROR(INDEX(_h_SimpleLookup_h_!$I$16:$I$20,MATCH(CONCATENATE(INDIRECT("A"&ROW()), "#", INDIRECT("C"&ROW())),_h_SimpleLookup_h_!$H$16:$H$20,0)),"") -> H_3d746386df8e70fc233233a9e10a429bbb45de06e238ef21fcff52d27fd51781 | E38: Chibuto | F38: =IFERROR(INDEX(_h_SimpleLookup_h_!$I$16:$I$20,MATCH(CONCATENATE(INDIRECT("A"&ROW()), "#", INDIRECT("C"&ROW()), "#", INDIRECT("E"&ROW())),_h_SimpleLookup_h_!$H$16:$H$20,0)),"") -> H_f8225e850582739dca18bbc9f1b87eec4a399a506bac01963630d2d5869939c4 | H38: =IFERROR(INDEX(_h_SimpleLookup_h_!$I$16:$I$20,MATCH(CONCATENATE(INDIRECT("A"&ROW()), "#", INDIRECT("C"&ROW()), "#", INDIRECT("E"&ROW()), "#", INDIRECT("G"&ROW())),_h_SimpleLookup_h_!$H$16:$H$20,0)),"") | J38: =IFERROR(INDEX(_h_SimpleLookup_h_!$I$16:$I$20,MATCH(CONCATENATE(INDIRECT("A"&ROW()), "#", INDIRECT("C"&ROW()), "#", INDIRECT("E"&ROW()), "#", INDIRECT("G"&ROW()), "#", INDIRECT("I"&ROW())),_h_SimpleLookup_h_!$H$16:$H$20,0)),"") | L38: =IF(K38<>"",IFERROR(VLOOKUP(K38,_h_SimpleLookup_h_!$D$8:$E$13,2,0),""),IF(I38<>"",IFERROR(VLOOKUP(I38,_h_SimpleLookup_h_!$D$8:$E$13,2,0),""),IF(G38<>"",IFERROR(VLOOKUP(G38,_h_SimpleLookup_h_!$D$8:$E$13,2,0),""),IF(E38<>"",IFERROR(VLOOKUP(E38,_h_SimpleLookup_h_!$D$8:$E$13,2,0),""),IF(C38<>"",IFERROR(VLOOKUP(C38,_h_SimpleLookup_h_!$D$8:$E$13,2,0),""),IF(A38<>"",IFERROR(VLOOKUP(A38,_h_SimpleLookup_h_!$D$8:$E$13,2,0),""),"")))))) -> MICROPLAN_MO_05_01_CHIBUTO_TEST1 | M38: CSL3 | N38: 2859768581 | O38: CAMPAIGN_SUPERVISOR | T38: =IF(AND(ISBLANK(O38),ISBLANK(P38),ISBLANK(Q38),ISBLANK(R38),ISBLANK(S38)),"",TRIM(CONCATENATE(IF(ISBLANK(O38),"",O38&","),IF(ISBLANK(P38),"",P38&","),IF(ISBLANK(Q38),"",Q38&","),IF(ISBLANK(R38),"",R38&","),IF(ISBLANK(S38),"",S38&",")))) -> CAMPAIGN_SUPERVISOR, | U38: Temporary | V38: Active
A39: Nigeria | B39: =IFERROR(INDEX(_h_SimpleLookup_h_!$I$16:$I$20,MATCH(CONCATENATE(INDIRECT("A"&ROW())),_h_SimpleLookup_h_!$H$16:$H$20,0)),"") -> H_04952a0f984dccfa1c401fbe5669c5342059049be3e2bba73dc5a481759b22a9 | C39: Gaza | D39: =IFERROR(INDEX(_h_SimpleLookup_h_!$I$16:$I$20,MATCH(CONCATENATE(INDIRECT("A"&ROW()), "#", INDIRECT("C"&ROW())),_h_SimpleLookup_h_!$H$16:$H$20,0)),"") -> H_3d746386df8e70fc233233a9e10a429bbb45de06e238ef21fcff52d27fd51781 | E39: Chibuto | F39: =IFERROR(INDEX(_h_SimpleLookup_h_!$I$16:$I$20,MATCH(CONCATENATE(INDIRECT("A"&ROW()), "#", INDIRECT("C"&ROW()), "#", INDIRECT("E"&ROW())),_h_SimpleLookup_h_!$H$16:$H$20,0)),"") -> H_f8225e850582739dca18bbc9f1b87eec4a399a506bac01963630d2d5869939c4 | G39: Chibutoo | H39: =IFERROR(INDEX(_h_SimpleLookup_h_!$I$16:$I$20,MATCH(CONCATENATE(INDIRECT("A"&ROW()), "#", INDIRECT("C"&ROW()), "#", INDIRECT("E"&ROW()), "#", INDIRECT("G"&ROW())),_h_SimpleLookup_h_!$H$16:$H$20,0)),"") -> H_9de166f1e87c37e01777111aa51a73d37bbe5559df989fc50fad851f9070f447 | J39: =IFERROR(INDEX(_h_SimpleLookup_h_!$I$16:$I$20,MATCH(CONCATENATE(INDIRECT("A"&ROW()), "#", INDIRECT("C"&ROW()), "#", INDIRECT("E"&ROW()), "#", INDIRECT("G"&ROW()), "#", INDIRECT("I"&ROW())),_h_SimpleLookup_h_!$H$16:$H$20,0)),"") | L39: =IF(K39<>"",IFERROR(VLOOKUP(K39,_h_SimpleLookup_h_!$D$8:$E$13,2,0),""),IF(I39<>"",IFERROR(VLOOKUP(I39,_h_SimpleLookup_h_!$D$8:$E$13,2,0),""),IF(G39<>"",IFERROR(VLOOKUP(G39,_h_SimpleLookup_h_!$D$8:$E$13,2,0),""),IF(E39<>"",IFERROR(VLOOKUP(E39,_h_SimpleLookup_h_!$D$8:$E$13,2,0),""),IF(C39<>"",IFERROR(VLOOKUP(C39,_h_SimpleLookup_h_!$D$8:$E$13,2,0),""),IF(A39<>"",IFERROR(VLOOKUP(A39,_h_SimpleLookup_h_!$D$8:$E$13,2,0),""),"")))))) -> MICROPLAN_MO_05_01_01_CHIBUTOO_TEST1 | M39: CSL4 | N39: 2859768582 | O39: CAMPAIGN_SUPERVISOR | T39: =IF(AND(ISBLANK(O39),ISBLANK(P39),ISBLANK(Q39),ISBLANK(R39),ISBLANK(S39)),"",TRIM(CONCATENATE(IF(ISBLANK(O39),"",O39&","),IF(ISBLANK(P39),"",P39&","),IF(ISBLANK(Q39),"",Q39&","),IF(ISBLANK(R39),"",R39&","),IF(ISBLANK(S39),"",S39&",")))) -> CAMPAIGN_SUPERVISOR, | U39: Temporary | V39: Active
A40: Nigeria | B40: =IFERROR(INDEX(_h_SimpleLookup_h_!$I$16:$I$20,MATCH(CONCATENATE(INDIRECT("A"&ROW())),_h_SimpleLookup_h_!$H$16:$H$20,0)),"") -> H_04952a0f984dccfa1c401fbe5669c5342059049be3e2bba73dc5a481759b22a9 | C40: Gaza | D40: =IFERROR(INDEX(_h_SimpleLookup_h_!$I$16:$I$20,MATCH(CONCATENATE(INDIRECT("A"&ROW()), "#", INDIRECT("C"&ROW())),_h_SimpleLookup_h_!$H$16:$H$20,0)),"") -> H_3d746386df8e70fc233233a9e10a429bbb45de06e238ef21fcff52d27fd51781 | E40: Chibuto | F40: =IFERROR(INDEX(_h_SimpleLookup_h_!$I$16:$I$20,MATCH(CONCATENATE(INDIRECT("A"&ROW()), "#", INDIRECT("C"&ROW()), "#", INDIRECT("E"&ROW())),_h_SimpleLookup_h_!$H$16:$H$20,0)),"") -> H_f8225e850582739dca18bbc9f1b87eec4a399a506bac01963630d2d5869939c4 | G40: Chibutoo | H40: =IFERROR(INDEX(_h_SimpleLookup_h_!$I$16:$I$20,MATCH(CONCATENATE(INDIRECT("A"&ROW()), "#", INDIRECT("C"&ROW()), "#", INDIRECT("E"&ROW()), "#", INDIRECT("G"&ROW())),_h_SimpleLookup_h_!$H$16:$H$20,0)),"") -> H_9de166f1e87c37e01777111aa51a73d37bbe5559df989fc50fad851f9070f447 | I40: Chibuto Sede | J40: =IFERROR(INDEX(_h_SimpleLookup_h_!$I$16:$I$20,MATCH(CONCATENATE(INDIRECT("A"&ROW()), "#", INDIRECT("C"&ROW()), "#", INDIRECT("E"&ROW()), "#", INDIRECT("G"&ROW()), "#", INDIRECT("I"&ROW())),_h_SimpleLookup_h_!$H$16:$H$20,0)),"") -> H_e9c3596c6f157c143621a34465e5390d1264415e6840e00130c0b1805b8f179c | L40: =IF(K40<>"",IFERROR(VLOOKUP(K40,_h_SimpleLookup_h_!$D$8:$E$13,2,0),""),IF(I40<>"",IFERROR(VLOOKUP(I40,_h_SimpleLookup_h_!$D$8:$E$13,2,0),""),IF(G40<>"",IFERROR(VLOOKUP(G40,_h_SimpleLookup_h_!$D$8:$E$13,2,0),""),IF(E40<>"",IFERROR(VLOOKUP(E40,_h_SimpleLookup_h_!$D$8:$E$13,2,0),""),IF(C40<>"",IFERROR(VLOOKUP(C40,_h_SimpleLookup_h_!$D$8:$E$13,2,0),""),IF(A40<>"",IFERROR(VLOOKUP(A40,_h_SimpleLookup_h_!$D$8:$E$13,2,0),""),"")))))) -> MICROPLAN_MO_05_01_01_01_CHIBUTO_SEDE_TEST1 | M40: CSL5 | N40: 2859768583 | O40: CAMPAIGN_SUPERVISOR | T40: =IF(AND(ISBLANK(O40),ISBLANK(P40),ISBLANK(Q40),ISBLANK(R40),ISBLANK(S40)),"",TRIM(CONCATENATE(IF(ISBLANK(O40),"",O40&","),IF(ISBLANK(P40),"",P40&","),IF(ISBLANK(Q40),"",Q40&","),IF(ISBLANK(R40),"",R40&","),IF(ISBLANK(S40),"",S40&",")))) -> CAMPAIGN_SUPERVISOR, | U40: Temporary | V40: Active
A41: Nigeria | B41: =IFERROR(INDEX(_h_SimpleLookup_h_!$I$16:$I$20,MATCH(CONCATENATE(INDIRECT("A"&ROW())),_h_SimpleLookup_h_!$H$16:$H$20,0)),"") -> H_04952a0f984dccfa1c401fbe5669c5342059049be3e2bba73dc5a481759b22a9 | C41: Gaza | D41: =IFERROR(INDEX(_h_SimpleLookup_h_!$I$16:$I$20,MATCH(CONCATENATE(INDIRECT("A"&ROW()), "#", INDIRECT("C"&ROW())),_h_SimpleLookup_h_!$H$16:$H$20,0)),"") -> H_3d746386df8e70fc233233a9e10a429bbb45de06e238ef21fcff52d27fd51781 | E41: Chibuto | F41: =IFERROR(INDEX(_h_SimpleLookup_h_!$I$16:$I$20,MATCH(CONCATENATE(INDIRECT("A"&ROW()), "#", INDIRECT("C"&ROW()), "#", INDIRECT("E"&ROW())),_h_SimpleLookup_h_!$H$16:$H$20,0)),"") -> H_f8225e850582739dca18bbc9f1b87eec4a399a506bac01963630d2d5869939c4 | G41: Chibutoo | H41: =IFERROR(INDEX(_h_SimpleLookup_h_!$I$16:$I$20,MATCH(CONCATENATE(INDIRECT("A"&ROW()), "#", INDIRECT("C"&ROW()), "#", INDIRECT("E"&ROW()), "#", INDIRECT("G"&ROW())),_h_SimpleLookup_h_!$H$16:$H$20,0)),"") -> H_9de166f1e87c37e01777111aa51a73d37bbe5559df989fc50fad851f9070f447 | I41: Chibuto Sede | J41: =IFERROR(INDEX(_h_SimpleLookup_h_!$I$16:$I$20,MATCH(CONCATENATE(INDIRECT("A"&ROW()), "#", INDIRECT("C"&ROW()), "#", INDIRECT("E"&ROW()), "#", INDIRECT("G"&ROW()), "#", INDIRECT("I"&ROW())),_h_SimpleLookup_h_!$H$16:$H$20,0)),"") -> H_e9c3596c6f157c143621a34465e5390d1264415e6840e00130c0b1805b8f179c | K41: Mapa | L41: =IF(K41<>"",IFERROR(VLOOKUP(K41,_h_SimpleLookup_h_!$D$8:$E$13,2,0),""),IF(I41<>"",IFERROR(VLOOKUP(I41,_h_SimpleLookup_h_!$D$8:$E$13,2,0),""),IF(G41<>"",IFERROR(VLOOKUP(G41,_h_SimpleLookup_h_!$D$8:$E$13,2,0),""),IF(E41<>"",IFERROR(VLOOKUP(E41,_h_SimpleLookup_h_!$D$8:$E$13,2,0),""),IF(C41<>"",IFERROR(VLOOKUP(C41,_h_SimpleLookup_h_!$D$8:$E$13,2,0),""),IF(A41<>"",IFERROR(VLOOKUP(A41,_h_SimpleLookup_h_!$D$8:$E$13,2,0),""),"")))))) -> MICROPLAN_MO_05_01_01_01_01_MAPA_TEST1 | M41: CSL6 | N41: 2859768584 | O41: CAMPAIGN_SUPERVISOR | T41: =IF(AND(ISBLANK(O41),ISBLANK(P41),ISBLANK(Q41),ISBLANK(R41),ISBLANK(S41)),"",TRIM(CONCATENATE(IF(ISBLANK(O41),"",O41&","),IF(ISBLANK(P41),"",P41&","),IF(ISBLANK(Q41),"",Q41&","),IF(ISBLANK(R41),"",R41&","),IF(ISBLANK(S41),"",S41&",")))) -> CAMPAIGN_SUPERVISOR, | U41: Temporary | V41: Active
B42: =IFERROR(INDEX(_h_SimpleLookup_h_!$I$16:$I$20,MATCH(CONCATENATE(INDIRECT("A"&ROW())),_h_SimpleLookup_h_!$H$16:$H$20,0)),"") | D42: =IFERROR(INDEX(_h_SimpleLookup_h_!$I$16:$I$20,MATCH(CONCATENATE(INDIRECT("A"&ROW()), "#", INDIRECT("C"&ROW())),_h_SimpleLookup_h_!$H$16:$H$20,0)),"") | F42: =IFERROR(INDEX(_h_SimpleLookup_h_!$I$16:$I$20,MATCH(CONCATENATE(INDIRECT("A"&ROW()), "#", INDIRECT("C"&ROW()), "#", INDIRECT("E"&ROW())),_h_SimpleLookup_h_!$H$16:$H$20,0)),"") | H42: =IFERROR(INDEX(_h_SimpleLookup_h_!$I$16:$I$20,MATCH(CONCATENATE(INDIRECT("A"&ROW()), "#", INDIRECT("C"&ROW()), "#", INDIRECT("E"&ROW()), "#", INDIRECT("G"&ROW())),_h_SimpleLookup_h_!$H$16:$H$20,0)),"") | J42: =IFERROR(INDEX(_h_SimpleLookup_h_!$I$16:$I$20,MATCH(CONCATENATE(INDIRECT("A"&ROW()), "#", INDIRECT("C"&ROW()), "#", INDIRECT("E"&ROW()), "#", INDIRECT("G"&ROW()), "#", INDIRECT("I"&ROW())),_h_SimpleLookup_h_!$H$16:$H$20,0)),"") | L42: =IF(K42<>"",IFERROR(VLOOKUP(K42,_h_SimpleLookup_h_!$D$8:$E$13,2,0),""),IF(I42<>"",IFERROR(VLOOKUP(I42,_h_SimpleLookup_h_!$D$8:$E$13,2,0),""),IF(G42<>"",IFERROR(VLOOKUP(G42,_h_SimpleLookup_h_!$D$8:$E$13,2,0),""),IF(E42<>"",IFERROR(VLOOKUP(E42,_h_SimpleLookup_h_!$D$8:$E$13,2,0),""),IF(C42<>"",IFERROR(VLOOKUP(C42,_h_SimpleLookup_h_!$D$8:$E$13,2,0),""),IF(A42<>"",IFERROR(VLOOKUP(A42,_h_SimpleLookup_h_!$D$8:$E$13,2,0),""),"")))))) | T42: =IF(AND(ISBLANK(O42),ISBLANK(P42),ISBLANK(Q42),ISBLANK(R42),ISBLANK(S42)),"",TRIM(CONCATENATE(IF(ISBLANK(O42),"",O42&","),IF(ISBLANK(P42),"",P42&","),IF(ISBLANK(Q42),"",Q42&","),IF(ISBLANK(R42),"",R42&","),IF(ISBLANK(S42),"",S42&","))))
B43: =IFERROR(INDEX(_h_SimpleLookup_h_!$I$16:$I$20,MATCH(CONCATENATE(INDIRECT("A"&ROW())),_h_SimpleLookup_h_!$H$16:$H$20,0)),"") | D43: =IFERROR(INDEX(_h_SimpleLookup_h_!$I$16:$I$20,MATCH(CONCATENATE(INDIRECT("A"&ROW()), "#", INDIRECT("C"&ROW())),_h_SimpleLookup_h_!$H$16:$H$20,0)),"") | F43: =IFERROR(INDEX(_h_SimpleLookup_h_!$I$16:$I$20,MATCH(CONCATENATE(INDIRECT("A"&ROW()), "#", INDIRECT("C"&ROW()), "#", INDIRECT("E"&ROW())),_h_SimpleLookup_h_!$H$16:$H$20,0)),"") | H43: =IFERROR(INDEX(_h_SimpleLookup_h_!$I$16:$I$20,MATCH(CONCATENATE(INDIRECT("A"&ROW()), "#", INDIRECT("C"&ROW()), "#", INDIRECT("E"&ROW()), "#", INDIRECT("G"&ROW())),_h_SimpleLookup_h_!$H$16:$H$20,0)),"") | J43: =IFERROR(INDEX(_h_SimpleLookup_h_!$I$16:$I$20,MATCH(CONCATENATE(INDIRECT("A"&ROW()), "#", INDIRECT("C"&ROW()), "#", INDIRECT("E"&ROW()), "#", INDIRECT("G"&ROW()), "#", INDIRECT("I"&ROW())),_h_SimpleLookup_h_!$H$16:$H$20,0)),"") | L43: =IF(K43<>"",IFERROR(VLOOKUP(K43,_h_SimpleLookup_h_!$D$8:$E$13,2,0),""),IF(I43<>"",IFERROR(VLOOKUP(I43,_h_SimpleLookup_h_!$D$8:$E$13,2,0),""),IF(G43<>"",IFERROR(VLOOKUP(G43,_h_SimpleLookup_h_!$D$8:$E$13,2,0),""),IF(E43<>"",IFERROR(VLOOKUP(E43,_h_SimpleLookup_h_!$D$8:$E$13,2,0),""),IF(C43<>"",IFERROR(VLOOKUP(C43,_h_SimpleLookup_h_!$D$8:$E$13,2,0),""),IF(A43<>"",IFERROR(VLOOKUP(A43,_h_SimpleLookup_h_!$D$8:$E$13,2,0),""),"")))))) | T43: =IF(AND(ISBLANK(O43),ISBLANK(P43),ISBLANK(Q43),ISBLANK(R43),ISBLANK(S43)),"",TRIM(CONCATENATE(IF(ISBLANK(O43),"",O43&","),IF(ISBLANK(P43),"",P43&","),IF(ISBLANK(Q43),"",Q43&","),IF(ISBLANK(R43),"",R43&","),IF(ISBLANK(S43),"",S43&","))))
B44: =IFERROR(INDEX(_h_SimpleLookup_h_!$I$16:$I$20,MATCH(CONCATENATE(INDIRECT("A"&ROW())),_h_SimpleLookup_h_!$H$16:$H$20,0)),"") | D44: =IFERROR(INDEX(_h_SimpleLookup_h_!$I$16:$I$20,MATCH(CONCATENATE(INDIRECT("A"&ROW()), "#", INDIRECT("C"&ROW())),_h_SimpleLookup_h_!$H$16:$H$20,0)),"") | F44: =IFERROR(INDEX(_h_SimpleLookup_h_!$I$16:$I$20,MATCH(CONCATENATE(INDIRECT("A"&ROW()), "#", INDIRECT("C"&ROW()), "#", INDIRECT("E"&ROW())),_h_SimpleLookup_h_!$H$16:$H$20,0)),"") | H44: =IFERROR(INDEX(_h_SimpleLookup_h_!$I$16:$I$20,MATCH(CONCATENATE(INDIRECT("A"&ROW()), "#", INDIRECT("C"&ROW()), "#", INDIRECT("E"&ROW()), "#", INDIRECT("G"&ROW())),_h_SimpleLookup_h_!$H$16:$H$20,0)),"") | J44: =IFERROR(INDEX(_h_SimpleLookup_h_!$I$16:$I$20,MATCH(CONCATENATE(INDIRECT("A"&ROW()), "#", INDIRECT("C"&ROW()), "#", INDIRECT("E"&ROW()), "#", INDIRECT("G"&ROW()), "#", INDIRECT("I"&ROW())),_h_SimpleLookup_h_!$H$16:$H$20,0)),"") | L44: =IF(K44<>"",IFERROR(VLOOKUP(K44,_h_SimpleLookup_h_!$D$8:$E$13,2,0),""),IF(I44<>"",IFERROR(VLOOKUP(I44,_h_SimpleLookup_h_!$D$8:$E$13,2,0),""),IF(G44<>"",IFERROR(VLOOKUP(G44,_h_SimpleLookup_h_!$D$8:$E$13,2,0),""),IF(E44<>"",IFERROR(VLOOKUP(E44,_h_SimpleLookup_h_!$D$8:$E$13,2,0),""),IF(C44<>"",IFERROR(VLOOKUP(C44,_h_SimpleLookup_h_!$D$8:$E$13,2,0),""),IF(A44<>"",IFERROR(VLOOKUP(A44,_h_SimpleLookup_h_!$D$8:$E$13,2,0),""),"")))))) | T44: =IF(AND(ISBLANK(O44),ISBLANK(P44),ISBLANK(Q44),ISBLANK(R44),ISBLANK(S44)),"",TRIM(CONCATENATE(IF(ISBLANK(O44),"",O44&","),IF(ISBLANK(P44),"",P44&","),IF(ISBLANK(Q44),"",Q44&","),IF(ISBLANK(R44),"",R44&","),IF(ISBLANK(S44),"",S44&","))))
B45: =IFERROR(INDEX(_h_SimpleLookup_h_!$I$16:$I$20,MATCH(CONCATENATE(INDIRECT("A"&ROW())),_h_SimpleLookup_h_!$H$16:$H$20,0)),"") | D45: =IFERROR(INDEX(_h_SimpleLookup_h_!$I$16:$I$20,MATCH(CONCATENATE(INDIRECT("A"&ROW()), "#", INDIRECT("C"&ROW())),_h_SimpleLookup_h_!$H$16:$H$20,0)),"") | F45: =IFERROR(INDEX(_h_SimpleLookup_h_!$I$16:$I$20,MATCH(CONCATENATE(INDIRECT("A"&ROW()), "#", INDIRECT("C"&ROW()), "#", INDIRECT("E"&ROW())),_h_SimpleLookup_h_!$H$16:$H$20,0)),"") | H45: =IFERROR(INDEX(_h_SimpleLookup_h_!$I$16:$I$20,MATCH(CONCATENATE(INDIRECT("A"&ROW()), "#", INDIRECT("C"&ROW()), "#", INDIRECT("E"&ROW()), "#", INDIRECT("G"&ROW())),_h_SimpleLookup_h_!$H$16:$H$20,0)),"") | J45: =IFERROR(INDEX(_h_SimpleLookup_h_!$I$16:$I$20,MATCH(CONCATENATE(INDIRECT("A"&ROW()), "#", INDIRECT("C"&ROW()), "#", INDIRECT("E"&ROW()), "#", INDIRECT("G"&ROW()), "#", INDIRECT("I"&ROW())),_h_SimpleLookup_h_!$H$16:$H$20,0)),"") | L45: =IF(K45<>"",IFERROR(VLOOKUP(K45,_h_SimpleLookup_h_!$D$8:$E$13,2,0),""),IF(I45<>"",IFERROR(VLOOKUP(I45,_h_SimpleLookup_h_!$D$8:$E$13,2,0),""),IF(G45<>"",IFERROR(VLOOKUP(G45,_h_SimpleLookup_h_!$D$8:$E$13,2,0),""),IF(E45<>"",IFERROR(VLOOKUP(E45,_h_SimpleLookup_h_!$D$8:$E$13,2,0),""),IF(C45<>"",IFERROR(VLOOKUP(C45,_h_SimpleLookup_h_!$D$8:$E$13,2,0),""),IF(A45<>"",IFERROR(VLOOKUP(A45,_h_SimpleLookup_h_!$D$8:$E$13,2,0),""),"")))))) | T45: =IF(AND(ISBLANK(O45),ISBLANK(P45),ISBLANK(Q45),ISBLANK(R45),ISBLANK(S45)),"",TRIM(CONCATENATE(IF(ISBLANK(O45),"",O45&","),IF(ISBLANK(P45),"",P45&","),IF(ISBLANK(Q45),"",Q45&","),IF(ISBLANK(R45),"",R45&","),IF(ISBLANK(S45),"",S45&","))))
B46: =IFERROR(INDEX(_h_SimpleLookup_h_!$I$16:$I$20,MATCH(CONCATENATE(INDIRECT("A"&ROW())),_h_SimpleLookup_h_!$H$16:$H$20,0)),"") | D46: =IFERROR(INDEX(_h_SimpleLookup_h_!$I$16:$I$20,MATCH(CONCATENATE(INDIRECT("A"&ROW()), "#", INDIRECT("C"&ROW())),_h_SimpleLookup_h_!$H$16:$H$20,0)),"") | F46: =IFERROR(INDEX(_h_SimpleLookup_h_!$I$16:$I$20,MATCH(CONCATENATE(INDIRECT("A"&ROW()), "#", INDIRECT("C"&ROW()), "#", INDIRECT("E"&ROW())),_h_SimpleLookup_h_!$H$16:$H$20,0)),"") | H46: =IFERROR(INDEX(_h_SimpleLookup_h_!$I$16:$I$20,MATCH(CONCATENATE(INDIRECT("A"&ROW()), "#", INDIRECT("C"&ROW()), "#", INDIRECT("E"&ROW()), "#", INDIRECT("G"&ROW())),_h_SimpleLookup_h_!$H$16:$H$20,0)),"") | J46: =IFERROR(INDEX(_h_SimpleLookup_h_!$I$16:$I$20,MATCH(CONCATENATE(INDIRECT("A"&ROW()), "#", INDIRECT("C"&ROW()), "#", INDIRECT("E"&ROW()), "#", INDIRECT("G"&ROW()), "#", INDIRECT("I"&ROW())),_h_SimpleLookup_h_!$H$16:$H$20,0)),"") | L46: =IF(K46<>"",IFERROR(VLOOKUP(K46,_h_SimpleLookup_h_!$D$8:$E$13,2,0),""),IF(I46<>"",IFERROR(VLOOKUP(I46,_h_SimpleLookup_h_!$D$8:$E$13,2,0),""),IF(G46<>"",IFERROR(VLOOKUP(G46,_h_SimpleLookup_h_!$D$8:$E$13,2,0),""),IF(E46<>"",IFERROR(VLOOKUP(E46,_h_SimpleLookup_h_!$D$8:$E$13,2,0),""),IF(C46<>"",IFERROR(VLOOKUP(C46,_h_SimpleLookup_h_!$D$8:$E$13,2,0),""),IF(A46<>"",IFERROR(VLOOKUP(A46,_h_SimpleLookup_h_!$D$8:$E$13,2,0),""),"")))))) | T46: =IF(AND(ISBLANK(O46),ISBLANK(P46),ISBLANK(Q46),ISBLANK(R46),ISBLANK(S46)),"",TRIM(CONCATENATE(IF(ISBLANK(O46),"",O46&","),IF(ISBLANK(P46),"",P46&","),IF(ISBLANK(Q46),"",Q46&","),IF(ISBLANK(R46),"",R46&","),IF(ISBLANK(S46),"",S46&","))))
B47: =IFERROR(INDEX(_h_SimpleLookup_h_!$I$16:$I$20,MATCH(CONCATENATE(INDIRECT("A"&ROW())),_h_SimpleLookup_h_!$H$16:$H$20,0)),"") | D47: =IFERROR(INDEX(_h_SimpleLookup_h_!$I$16:$I$20,MATCH(CONCATENATE(INDIRECT("A"&ROW()), "#", INDIRECT("C"&ROW())),_h_SimpleLookup_h_!$H$16:$H$20,0)),"") | F47: =IFERROR(INDEX(_h_SimpleLookup_h_!$I$16:$I$20,MATCH(CONCATENATE(INDIRECT("A"&ROW()), "#", INDIRECT("C"&ROW()), "#", INDIRECT("E"&ROW())),_h_SimpleLookup_h_!$H$16:$H$20,0)),"") | H47: =IFERROR(INDEX(_h_SimpleLookup_h_!$I$16:$I$20,MATCH(CONCATENATE(INDIRECT("A"&ROW()), "#", INDIRECT("C"&ROW()), "#", INDIRECT("E"&ROW()), "#", INDIRECT("G"&ROW())),_h_SimpleLookup_h_!$H$16:$H$20,0)),"") | J47: =IFERROR(INDEX(_h_SimpleLookup_h_!$I$16:$I$20,MATCH(CONCATENATE(INDIRECT("A"&ROW()), "#", INDIRECT("C"&ROW()), "#", INDIRECT("E"&ROW()), "#", INDIRECT("G"&ROW()), "#", INDIRECT("I"&ROW())),_h_SimpleLookup_h_!$H$16:$H$20,0)),"") | L47: =IF(K47<>"",IFERROR(VLOOKUP(K47,_h_SimpleLookup_h_!$D$8:$E$13,2,0),""),IF(I47<>"",IFERROR(VLOOKUP(I47,_h_SimpleLookup_h_!$D$8:$E$13,2,0),""),IF(G47<>"",IFERROR(VLOOKUP(G47,_h_SimpleLookup_h_!$D$8:$E$13,2,0),""),IF(E47<>"",IFERROR(VLOOKUP(E47,_h_SimpleLookup_h_!$D$8:$E$13,2,0),""),IF(C47<>"",IFERROR(VLOOKUP(C47,_h_SimpleLookup_h_!$D$8:$E$13,2,0),""),IF(A47<>"",IFERROR(VLOOKUP(A47,_h_SimpleLookup_h_!$D$8:$E$13,2,0),""),"")))))) | T47: =IF(AND(ISBLANK(O47),ISBLANK(P47),ISBLANK(Q47),ISBLANK(R47),ISBLANK(S47)),"",TRIM(CONCATENATE(IF(ISBLANK(O47),"",O47&","),IF(ISBLANK(P47),"",P47&","),IF(ISBLANK(Q47),"",Q47&","),IF(ISBLANK(R47),"",R47&","),IF(ISBLANK(S47),"",S47&","))))
B48: =IFERROR(INDEX(_h_SimpleLookup_h_!$I$16:$I$20,MATCH(CONCATENATE(INDIRECT("A"&ROW())),_h_SimpleLookup_h_!$H$16:$H$20,0)),"") | D48: =IFERROR(INDEX(_h_SimpleLookup_h_!$I$16:$I$20,MATCH(CONCATENATE(INDIRECT("A"&ROW()), "#", INDIRECT("C"&ROW())),_h_SimpleLookup_h_!$H$16:$H$20,0)),"") | F48: =IFERROR(INDEX(_h_SimpleLookup_h_!$I$16:$I$20,MATCH(CONCATENATE(INDIRECT("A"&ROW()), "#", INDIRECT("C"&ROW()), "#", INDIRECT("E"&ROW())),_h_SimpleLookup_h_!$H$16:$H$20,0)),"") | H48: =IFERROR(INDEX(_h_SimpleLookup_h_!$I$16:$I$20,MATCH(CONCATENATE(INDIRECT("A"&ROW()), "#", INDIRECT("C"&ROW()), "#", INDIRECT("E"&ROW()), "#", INDIRECT("G"&ROW())),_h_SimpleLookup_h_!$H$16:$H$20,0)),"") | J48: =IFERROR(INDEX(_h_SimpleLookup_h_!$I$16:$I$20,MATCH(CONCATENATE(INDIRECT("A"&ROW()), "#", INDIRECT("C"&ROW()), "#", INDIRECT("E"&ROW()), "#", INDIRECT("G"&ROW()), "#", INDIRECT("I"&ROW())),_h_SimpleLookup_h_!$H$16:$H$20,0)),"") | L48: =IF(K48<>"",IFERROR(VLOOKUP(K48,_h_SimpleLookup_h_!$D$8:$E$13,2,0),""),IF(I48<>"",IFERROR(VLOOKUP(I48,_h_SimpleLookup_h_!$D$8:$E$13,2,0),""),IF(G48<>"",IFERROR(VLOOKUP(G48,_h_SimpleLookup_h_!$D$8:$E$13,2,0),""),IF(E48<>"",IFERROR(VLOOKUP(E48,_h_SimpleLookup_h_!$D$8:$E$13,2,0),""),IF(C48<>"",IFERROR(VLOOKUP(C48,_h_SimpleLookup_h_!$D$8:$E$13,2,0),""),IF(A48<>"",IFERROR(VLOOKUP(A48,_h_SimpleLookup_h_!$D$8:$E$13,2,0),""),"")))))) | T48: =IF(AND(ISBLANK(O48),ISBLANK(P48),ISBLANK(Q48),ISBLANK(R48),ISBLANK(S48)),"",TRIM(CONCATENATE(IF(ISBLANK(O48),"",O48&","),IF(ISBLANK(P48),"",P48&","),IF(ISBLANK(Q48),"",Q48&","),IF(ISBLANK(R48),"",R48&","),IF(ISBLANK(S48),"",S48&","))))
B49: =IFERROR(INDEX(_h_SimpleLookup_h_!$I$16:$I$20,MATCH(CONCATENATE(INDIRECT("A"&ROW())),_h_SimpleLookup_h_!$H$16:$H$20,0)),"") | D49: =IFERROR(INDEX(_h_SimpleLookup_h_!$I$16:$I$20,MATCH(CONCATENATE(INDIRECT("A"&ROW()), "#", INDIRECT("C"&ROW())),_h_SimpleLookup_h_!$H$16:$H$20,0)),"") | F49: =IFERROR(INDEX(_h_SimpleLookup_h_!$I$16:$I$20,MATCH(CONCATENATE(INDIRECT("A"&ROW()), "#", INDIRECT("C"&ROW()), "#", INDIRECT("E"&ROW())),_h_SimpleLookup_h_!$H$16:$H$20,0)),"") | H49: =IFERROR(INDEX(_h_SimpleLookup_h_!$I$16:$I$20,MATCH(CONCATENATE(INDIRECT("A"&ROW()), "#", INDIRECT("C"&ROW()), "#", INDIRECT("E"&ROW()), "#", INDIRECT("G"&ROW())),_h_SimpleLookup_h_!$H$16:$H$20,0)),"") | J49: =IFERROR(INDEX(_h_SimpleLookup_h_!$I$16:$I$20,MATCH(CONCATENATE(INDIRECT("A"&ROW()), "#", INDIRECT("C"&ROW()), "#", INDIRECT("E"&ROW()), "#", INDIRECT("G"&ROW()), "#", INDIRECT("I"&ROW())),_h_SimpleLookup_h_!$H$16:$H$20,0)),"") | L49: =IF(K49<>"",IFERROR(VLOOKUP(K49,_h_SimpleLookup_h_!$D$8:$E$13,2,0),""),IF(I49<>"",IFERROR(VLOOKUP(I49,_h_SimpleLookup_h_!$D$8:$E$13,2,0),""),IF(G49<>"",IFERROR(VLOOKUP(G49,_h_SimpleLookup_h_!$D$8:$E$13,2,0),""),IF(E49<>"",IFERROR(VLOOKUP(E49,_h_SimpleLookup_h_!$D$8:$E$13,2,0),""),IF(C49<>"",IFERROR(VLOOKUP(C49,_h_SimpleLookup_h_!$D$8:$E$13,2,0),""),IF(A49<>"",IFERROR(VLOOKUP(A49,_h_SimpleLookup_h_!$D$8:$E$13,2,0),""),"")))))) | T49: =IF(AND(ISBLANK(O49),ISBLANK(P49),ISBLANK(Q49),ISBLANK(R49),ISBLANK(S49)),"",TRIM(CONCATENATE(IF(ISBLANK(O49),"",O49&","),IF(ISBLANK(P49),"",P49&","),IF(ISBLANK(Q49),"",Q49&","),IF(ISBLANK(R49),"",R49&","),IF(ISBLANK(S49),"",S49&","))))
B50: =IFERROR(INDEX(_h_SimpleLookup_h_!$I$16:$I$20,MATCH(CONCATENATE(INDIRECT("A"&ROW())),_h_SimpleLookup_h_!$H$16:$H$20,0)),"") | D50: =IFERROR(INDEX(_h_SimpleLookup_h_!$I$16:$I$20,MATCH(CONCATENATE(INDIRECT("A"&ROW()), "#", INDIRECT("C"&ROW())),_h_SimpleLookup_h_!$H$16:$H$20,0)),"") | F50: =IFERROR(INDEX(_h_SimpleLookup_h_!$I$16:$I$20,MATCH(CONCATENATE(INDIRECT("A"&ROW()), "#", INDIRECT("C"&ROW()), "#", INDIRECT("E"&ROW())),_h_SimpleLookup_h_!$H$16:$H$20,0)),"") | H50: =IFERROR(INDEX(_h_SimpleLookup_h_!$I$16:$I$20,MATCH(CONCATENATE(INDIRECT("A"&ROW()), "#", INDIRECT("C"&ROW()), "#", INDIRECT("E"&ROW()), "#", INDIRECT("G"&ROW())),_h_SimpleLookup_h_!$H$16:$H$20,0)),"") | J50: =IFERROR(INDEX(_h_SimpleLookup_h_!$I$16:$I$20,MATCH(CONCATENATE(INDIRECT("A"&ROW()), "#", INDIRECT("C"&ROW()), "#", INDIRECT("E"&ROW()), "#", INDIRECT("G"&ROW()), "#", INDIRECT("I"&ROW())),_h_SimpleLookup_h_!$H$16:$H$20,0)),"") | L50: =IF(K50<>"",IFERROR(VLOOKUP(K50,_h_SimpleLookup_h_!$D$8:$E$13,2,0),""),IF(I50<>"",IFERROR(VLOOKUP(I50,_h_SimpleLookup_h_!$D$8:$E$13,2,0),""),IF(G50<>"",IFERROR(VLOOKUP(G50,_h_SimpleLookup_h_!$D$8:$E$13,2,0),""),IF(E50<>"",IFERROR(VLOOKUP(E50,_h_SimpleLookup_h_!$D$8:$E$13,2,0),""),IF(C50<>"",IFERROR(VLOOKUP(C50,_h_SimpleLookup_h_!$D$8:$E$13,2,0),""),IF(A50<>"",IFERROR(VLOOKUP(A50,_h_SimpleLookup_h_!$D$8:$E$13,2,0),""),"")))))) | T50: =IF(AND(ISBLANK(O50),ISBLANK(P50),ISBLANK(Q50),ISBLANK(R50),ISBLANK(S50)),"",TRIM(CONCATENATE(IF(ISBLANK(O50),"",O50&","),IF(ISBLANK(P50),"",P50&","),IF(ISBLANK(Q50),"",Q50&","),IF(ISBLANK(R50),"",R50&","),IF(ISBLANK(S50),"",S50&","))))
B51: =IFERROR(INDEX(_h_SimpleLookup_h_!$I$16:$I$20,MATCH(CONCATENATE(INDIRECT("A"&ROW())),_h_SimpleLookup_h_!$H$16:$H$20,0)),"") | D51: =IFERROR(INDEX(_h_SimpleLookup_h_!$I$16:$I$20,MATCH(CONCATENATE(INDIRECT("A"&ROW()), "#", INDIRECT("C"&ROW())),_h_SimpleLookup_h_!$H$16:$H$20,0)),"") | F51: =IFERROR(INDEX(_h_SimpleLookup_h_!$I$16:$I$20,MATCH(CONCATENATE(INDIRECT("A"&ROW()), "#", INDIRECT("C"&ROW()), "#", INDIRECT("E"&ROW())),_h_SimpleLookup_h_!$H$16:$H$20,0)),"") | H51: =IFERROR(INDEX(_h_SimpleLookup_h_!$I$16:$I$20,MATCH(CONCATENATE(INDIRECT("A"&ROW()), "#", INDIRECT("C"&ROW()), "#", INDIRECT("E"&ROW()), "#", INDIRECT("G"&ROW())),_h_SimpleLookup_h_!$H$16:$H$20,0)),"") | J51: =IFERROR(INDEX(_h_SimpleLookup_h_!$I$16:$I$20,MATCH(CONCATENATE(INDIRECT("A"&ROW()), "#", INDIRECT("C"&ROW()), "#", INDIRECT("E"&ROW()), "#", INDIRECT("G"&ROW()), "#", INDIRECT("I"&ROW())),_h_SimpleLookup_h_!$H$16:$H$20,0)),"") | L51: =IF(K51<>"",IFERROR(VLOOKUP(K51,_h_SimpleLookup_h_!$D$8:$E$13,2,0),""),IF(I51<>"",IFERROR(VLOOKUP(I51,_h_SimpleLookup_h_!$D$8:$E$13,2,0),""),IF(G51<>"",IFERROR(VLOOKUP(G51,_h_SimpleLookup_h_!$D$8:$E$13,2,0),""),IF(E51<>"",IFERROR(VLOOKUP(E51,_h_SimpleLookup_h_!$D$8:$E$13,2,0),""),IF(C51<>"",IFERROR(VLOOKUP(C51,_h_SimpleLookup_h_!$D$8:$E$13,2,0),""),IF(A51<>"",IFERROR(VLOOKUP(A51,_h_SimpleLookup_h_!$D$8:$E$13,2,0),""),"")))))) | T51: =IF(AND(ISBLANK(O51),ISBLANK(P51),ISBLANK(Q51),ISBLANK(R51),ISBLANK(S51)),"",TRIM(CONCATENATE(IF(ISBLANK(O51),"",O51&","),IF(ISBLANK(P51),"",P51&","),IF(ISBLANK(Q51),"",Q51&","),IF(ISBLANK(R51),"",R51&","),IF(ISBLANK(S51),"",S51&","))))
B52: =IFERROR(INDEX(_h_SimpleLookup_h_!$I$16:$I$20,MATCH(CONCATENATE(INDIRECT("A"&ROW())),_h_SimpleLookup_h_!$H$16:$H$20,0)),"") | D52: =IFERROR(INDEX(_h_SimpleLookup_h_!$I$16:$I$20,MATCH(CONCATENATE(INDIRECT("A"&ROW()), "#", INDIRECT("C"&ROW())),_h_SimpleLookup_h_!$H$16:$H$20,0)),"") | F52: =IFERROR(INDEX(_h_SimpleLookup_h_!$I$16:$I$20,MATCH(CONCATENATE(INDIRECT("A"&ROW()), "#", INDIRECT("C"&ROW()), "#", INDIRECT("E"&ROW())),_h_SimpleLookup_h_!$H$16:$H$20,0)),"") | H52: =IFERROR(INDEX(_h_SimpleLookup_h_!$I$16:$I$20,MATCH(CONCATENATE(INDIRECT("A"&ROW()), "#", INDIRECT("C"&ROW()), "#", INDIRECT("E"&ROW()), "#", INDIRECT("G"&ROW())),_h_SimpleLookup_h_!$H$16:$H$20,0)),"") | J52: =IFERROR(INDEX(_h_SimpleLookup_h_!$I$16:$I$20,MATCH(CONCATENATE(INDIRECT("A"&ROW()), "#", INDIRECT("C"&ROW()), "#", INDIRECT("E"&ROW()), "#", INDIRECT("G"&ROW()), "#", INDIRECT("I"&ROW())),_h_SimpleLookup_h_!$H$16:$H$20,0)),"") | L52: =IF(K52<>"",IFERROR(VLOOKUP(K52,_h_SimpleLookup_h_!$D$8:$E$13,2,0),""),IF(I52<>"",IFERROR(VLOOKUP(I52,_h_SimpleLookup_h_!$D$8:$E$13,2,0),""),IF(G52<>"",IFERROR(VLOOKUP(G52,_h_SimpleLookup_h_!$D$8:$E$13,2,0),""),IF(E52<>"",IFERROR(VLOOKUP(E52,_h_SimpleLookup_h_!$D$8:$E$13,2,0),""),IF(C52<>"",IFERROR(VLOOKUP(C52,_h_SimpleLookup_h_!$D$8:$E$13,2,0),""),IF(A52<>"",IFERROR(VLOOKUP(A52,_h_SimpleLookup_h_!$D$8:$E$13,2,0),""),"")))))) | T52: =IF(AND(ISBLANK(O52),ISBLANK(P52),ISBLANK(Q52),ISBLANK(R52),ISBLANK(S52)),"",TRIM(CONCATENATE(IF(ISBLANK(O52),"",O52&","),IF(ISBLANK(P52),"",P52&","),IF(ISBLANK(Q52),"",Q52&","),IF(ISBLANK(R52),"",R52&","),IF(ISBLANK(S52),"",S52&","))))
B53: =IFERROR(INDEX(_h_SimpleLookup_h_!$I$16:$I$20,MATCH(CONCATENATE(INDIRECT("A"&ROW())),_h_SimpleLookup_h_!$H$16:$H$20,0)),"") | D53: =IFERROR(INDEX(_h_SimpleLookup_h_!$I$16:$I$20,MATCH(CONCATENATE(INDIRECT("A"&ROW()), "#", INDIRECT("C"&ROW())),_h_SimpleLookup_h_!$H$16:$H$20,0)),"") | F53: =IFERROR(INDEX(_h_SimpleLookup_h_!$I$16:$I$20,MATCH(CONCATENATE(INDIRECT("A"&ROW()), "#", INDIRECT("C"&ROW()), "#", INDIRECT("E"&ROW())),_h_SimpleLookup_h_!$H$16:$H$20,0)),"") | H53: =IFERROR(INDEX(_h_SimpleLookup_h_!$I$16:$I$20,MATCH(CONCATENATE(INDIRECT("A"&ROW()), "#", INDIRECT("C"&ROW()), "#", INDIRECT("E"&ROW()), "#", INDIRECT("G"&ROW())),_h_SimpleLookup_h_!$H$16:$H$20,0)),"") | J53: =IFERROR(INDEX(_h_SimpleLookup_h_!$I$16:$I$20,MATCH(CONCATENATE(INDIRECT("A"&ROW()), "#", INDIRECT("C"&ROW()), "#", INDIRECT("E"&ROW()), "#", INDIRECT("G"&ROW()), "#", INDIRECT("I"&ROW())),_h_SimpleLookup_h_!$H$16:$H$20,0)),"") | L53: =IF(K53<>"",IFERROR(VLOOKUP(K53,_h_SimpleLookup_h_!$D$8:$E$13,2,0),""),IF(I53<>"",IFERROR(VLOOKUP(I53,_h_SimpleLookup_h_!$D$8:$E$13,2,0),""),IF(G53<>"",IFERROR(VLOOKUP(G53,_h_SimpleLookup_h_!$D$8:$E$13,2,0),""),IF(E53<>"",IFERROR(VLOOKUP(E53,_h_SimpleLookup_h_!$D$8:$E$13,2,0),""),IF(C53<>"",IFERROR(VLOOKUP(C53,_h_SimpleLookup_h_!$D$8:$E$13,2,0),""),IF(A53<>"",IFERROR(VLOOKUP(A53,_h_SimpleLookup_h_!$D$8:$E$13,2,0),""),"")))))) | T53: =IF(AND(ISBLANK(O53),ISBLANK(P53),ISBLANK(Q53),ISBLANK(R53),ISBLANK(S53)),"",TRIM(CONCATENATE(IF(ISBLANK(O53),"",O53&","),IF(ISBLANK(P53),"",P53&","),IF(ISBLANK(Q53),"",Q53&","),IF(ISBLANK(R53),"",R53&","),IF(ISBLANK(S53),"",S53&","))))
... B1041: =IFERROR(INDEX(_h_SimpleLookup_h_!$I$16:$I$20,MATCH(CONCATENATE(INDIRECT("A"&ROW())),_h_SimpleLookup_h_!$H$16:$H$20,0)),"") | D1041: =IFERROR(INDEX(_h_SimpleLookup_h_!$I$16:$I$20,MATCH(CONCATENATE(INDIRECT("A"&ROW()), "#", INDIRECT("C"&ROW())),_h_SimpleLookup_h_!$H$16:$H$20,0)),"") | F1041: =IFERROR(INDEX(_h_SimpleLookup_h_!$I$16:$I$20,MATCH(CONCATENATE(INDIRECT("A"&ROW()), "#", INDIRECT("C"&ROW()), "#", INDIRECT("E"&ROW())),_h_SimpleLookup_h_!$H$16:$H$20,0)),"") | H1041: =IFERROR(INDEX(_h_SimpleLookup_h_!$I$16:$I$20,MATCH(CONCATENATE(INDIRECT("A"&ROW()), "#", INDIRECT("C"&ROW()), "#", INDIRECT("E"&ROW()), "#", INDIRECT("G"&ROW())),_h_SimpleLookup_h_!$H$16:$H$20,0)),"") | J1041: =IFERROR(INDEX(_h_SimpleLookup_h_!$I$16:$I$20,MATCH(CONCATENATE(INDIRECT("A"&ROW()), "#", INDIRECT("C"&ROW()), "#", INDIRECT("E"&ROW()), "#", INDIRECT("G"&ROW()), "#", INDIRECT("I"&ROW())),_h_SimpleLookup_h_!$H$16:$H$20,0)),"") | L1041: =IF(K1041<>"",IFERROR(VLOOKUP(K1041,_h_SimpleLookup_h_!$D$8:$E$13,2,0),""),IF(I1041<>"",IFERROR(VLOOKUP(I1041,_h_SimpleLookup_h_!$D$8:$E$13,2,0),""),IF(G1041<>"",IFERROR(VLOOKUP(G1041,_h_SimpleLookup_h_!$D$8:$E$13,2,0),""),IF(E1041<>"",IFERROR(VLOOKUP(E1041,_h_SimpleLookup_h_!$D$8:$E$13,2,0),""),IF(C1041<>"",IFERROR(VLOOKUP(C1041,_h_SimpleLookup_h_!$D$8:$E$13,2,0),""),IF(A1041<>"",IFERROR(VLOOKUP(A1041,_h_SimpleLookup_h_!$D$8:$E$13,2,0),""),"")))))) | T1041: =IF(AND(ISBLANK(O1041),ISBLANK(P1041),ISBLANK(Q1041),ISBLANK(R1041),ISBLANK(S1041)),"",TRIM(CONCATENATE(IF(ISBLANK(O1041),"",O1041&","),IF(ISBLANK(P1041),"",P1041&","),IF(ISBLANK(Q1041),"",Q1041&","),IF(ISBLANK(R1041),"",R1041&","),IF(ISBLANK(S1041),"",S1041&","))))

Sheet _h_SimpleLookup_h_
A1: H_04952a0f984dccfa1c401fbe5669c5342059049be3e2bba73dc5a481759b22a9 | B1: Gaza
A2: H_3d746386df8e70fc233233a9e10a429bbb45de06e238ef21fcff52d27fd51781 | B2: Chibuto
A3: H_f8225e850582739dca18bbc9f1b87eec4a399a506bac01963630d2d5869939c4 | B3: Chibutoo
A4: H_9de166f1e87c37e01777111aa51a73d37bbe5559df989fc50fad851f9070f447 | B4: Chibuto Sede
A5: H_e9c3596c6f157c143621a34465e5390d1264415e6840e00130c0b1805b8f179c | B5: Mapa
D8: Mapa | E8: MICROPLAN_MO_05_01_01_01_01_MAPA_TEST1
D9: Nigeria | E9: MICROPLAN_MO
D10: Chibutoo | E10: MICROPLAN_MO_05_01_01_CHIBUTOO_TEST1
D11: Chibuto | E11: MICROPLAN_MO_05_01_CHIBUTO_TEST1
D12: Chibuto Sede | E12: MICROPLAN_MO_05_01_01_01_CHIBUTO_SEDE_TEST1
D13: Gaza | E13: MICROPLAN_MO_05_GAZA_TEST1
H16: Nigeria#Gaza#Chibuto#Chibutoo#Chibuto Sede | I16: H_e9c3596c6f157c143621a34465e5390d1264415e6840e00130c0b1805b8f179c
H17: Nigeria#Gaza#Chibuto | I17: H_f8225e850582739dca18bbc9f1b87eec4a399a506bac01963630d2d5869939c4
H18: Nigeria#Gaza | I18: H_3d746386df8e70fc233233a9e10a429bbb45de06e238ef21fcff52d27fd51781
H19: Nigeria | I19: H_04952a0f984dccfa1c401fbe5669c5342059049be3e2bba73dc5a481759b22a9
H20: Nigeria#Gaza#Chibuto#Chibutoo | I20: H_9de166f1e87c37e01777111aa51a73d37bbe5559df989fc50fad851f9070f447

Sheet Boundary List
A1: MICROPLAN_COUNTRY | B1: MICROPLAN_PROVINCE | C1: MICROPLAN_DISTRICT | D1: MICROPLAN_ADMINISTRATIVEPOST | E1: MICROPLAN_LOCALITY | F1: MICROPLAN_VILLAGE | G1: HCM_ADMIN_CONSOLE_BOUNDARY_CODE | H1: HCM_ADMIN_CONSOLE_TARGET_SMC_AGE_3_TO_11 | I1: HCM_ADMIN_CONSOLE_TARGET_SMC_AGE_12_TO_59 | J1: HCM_ADMIN_CONSOLE_TARGET_SMC_COLUUM_HOUSEHOLD | K1: HCM_ADMIN_CONSOLE_TARGET_SMC_COLUUM_PRODUCT
A2: Country | B2: Province | C2: District | D2: Administrative Post | E2: Locality | F2: Village | G2: Service Boundary Code | H2: Target at village level - Age 3 to 11 Months (Mandatory and to be entered by the user) | I2: Target at village level - Age 12 to 59 Months (Mandatory and to be entered by the user) | J2: Household Target | K2: Number of product
A3: Nigeria | B3: Gaza | C3: Chibuto | D3: Chibutoo | E3: Chibuto Sede | F3: Mapa | G3: MICROPLAN_MO_05_01_01_01_01_MAPA_TEST1 | H3: 100 | I3: 100 | J3: 100 | K3: 100
